MirGeneDB ID,Mature Sequence,Seed,Origin,abundance (Seed),Reverse Complement,abundance (reverse)
Dre-Let-7-P1b1_5p,UGAGGUAGUUGGUUGUAUGGUU,GAGGUAG,Clupeocephala,395,CUACCUC,590
Dre-Let-7-P1b2_5p,UGAGGUAGUUGGUUGUAUGGUU,GAGGUAG,Clupeocephala,395,CUACCUC,590
Dre-Let-7-P1c1_5p,UGAGGUAGUAGGUUGUAUGGUU,GAGGUAG,Clupeocephala,395,CUACCUC,590
Dre-Let-7-P1c2_5p,UGAGGUAGUAGGUUGUAUGGUU,GAGGUAG,Clupeocephala,395,CUACCUC,590
Dre-Let-7-P1d1_5p,UGAGGUAGUAGGUUGUAUAGUU,GAGGUAG,Clupeocephala,395,CUACCUC,590
Dre-Let-7-P1d2_5p,UGAGGUAGUAGGUUGUAUAGUU,GAGGUAG,Clupeocephala,395,CUACCUC,590
Dre-Let-7-P2a1a_5p,UGAGGUAGUAGGUUGUAUAGUU,GAGGUAG,Clupeocephala,395,CUACCUC,590
Dre-Let-7-P2a2a_5p,UGAGGUAGUAGGUUGUAUAGUU,GAGGUAG,Clupeocephala,395,CUACCUC,590
Dre-Let-7-P2a2b_5p,UGAGGUAGUAGGUUGUAUAGUU,GAGGUAG,Clupeocephala,395,CUACCUC,590
Dre-Let-7-P2a3a_5p,UGAGGUAGUAGUUUGUAUAGUU,GAGGUAG,Clupeocephala,395,CUACCUC,590
Dre-Let-7-P2a3b_5p,UGAGGUAGUAGUUUGUAUAGUU,GAGGUAG,Clupeocephala,395,CUACCUC,590
Dre-Let-7-P2a4a_5p,UGAGGUAGUAGAUUGAAUAGUU,GAGGUAG,Clupeocephala,395,CUACCUC,590
Dre-Let-7-P2a4b_5p,UGAGGUAGUAGAUUGAAUAGUU,GAGGUAG,Clupeocephala,395,CUACCUC,590
Dre-Let-7-P2b1a_5p,UGAGGUAGUAGAUUGUAUAGUU,GAGGUAG,Clupeocephala,395,CUACCUC,590
Dre-Let-7-P2b2a_5p,UGAGGUAGUAGGUUGUGUGGUU,GAGGUAG,Clupeocephala,395,CUACCUC,590
Dre-Let-7-P2b2b_5p,UGAGGUAGUAGGUUGUGUGGUU,GAGGUAG,Clupeocephala,395,CUACCUC,590
Dre-Let-7-P2b3a_5p,UGAGGUAGUAAGUUGUGUUGUU,GAGGUAG,Clupeocephala,395,CUACCUC,590
Dre-Let-7-P2b4a_5p,UGAGGUAGUAGGUUGUAUAGUU,GAGGUAG,Clupeocephala,395,CUACCUC,590
Dre-Let-7-P2b4b_5p,UGAGGUAGUAGGUUGUAUAGUU,GAGGUAG,Clupeocephala,395,CUACCUC,590
Dre-Let-7-P2c2b_5p,UGAGGUAGUAGUUUGUGCUGUU,GAGGUAG,Clupeocephala,395,CUACCUC,590
Dre-Let-7-P2c3_5p,UGAGGUAGUUGUUUGUACAGUU,GAGGUAG,Gnathostomata,395,CUACCUC,590
Dre-Mir-1-P1_3p,UGGAAUGUAAAGAAGUAUGUAU,GGAAUGU,Gnathostomata,1516,ACAUUCC,1537
Dre-Mir-1-P2a_3p,UGGAAUGUAAGGAAGUGUGUGG,GGAAUGU,Clupeocephala,1516,ACAUUCC,1537
Dre-Mir-1-P2b_3p,UGGAAUGUAAGGAAGUGUGUGG,GGAAUGU,Clupeocephala,1516,ACAUUCC,1537
Dre-Mir-1-P3_3p,UGGAAUGUAAAGAAGUAUGUAU,GGAAUGU,Gnathostomata,1516,ACAUUCC,1537
Dre-Mir-7-P1a_5p,UGGAAGACUAGUGAUUUUGUUGUU,GGAAGAC,Clupeocephala,767,GUCUUCC,830
Dre-Mir-7-P1b_5p,UGGAAGACUAGUGAUUUUGUUGUU,GGAAGAC,Clupeocephala,767,GUCUUCC,830
Dre-Mir-7-P2b_5p,UGGAAGACUUGUGAUUUUGUUGUU,GGAAGAC,Clupeocephala,767,GUCUUCC,830
Dre-Mir-7-P3_5p,UGGAAGACUAGUGAUUUUGUUGUU,GGAAGAC,Gnathostomata,767,GUCUUCC,830
Dre-Mir-7-P4b_5p,UGGAAGACUAGUGAUUUUGUUGU,GGAAGAC,Clupeocephala,767,GUCUUCC,830
Dre-Mir-8-P1a_3p,UAAUACUGCCUGGUAAUGAUGAU,AAUACUG,Vertebrata,2960,CAGUAUU,3621
Dre-Mir-8-P1b_3p,UAAUACUGCCUGGUAAUGAUGCA,AAUACUG,Vertebrata,2960,CAGUAUU,3621
Dre-Mir-8-P2a_3p,UAACACUGUCUGGUAACGAUGUU,AACACUG,Vertebrata,3669,CAGUGUU,4223
Dre-Mir-8-P2b_3p,UAACACUGUCUGGUAACGAUGCA,AACACUG,Vertebrata,3669,CAGUGUU,4223
Dre-Mir-8-P3a_3p,UAAUACUGUCUGGUAAUGCCGU,AAUACUG,Vertebrata,2960,CAGUAUU,3621
Dre-Mir-8-P3b_3p,UAAUACUGCCUGGUAAUGCCAU,AAUACUG,Vertebrata,2960,CAGUAUU,3621
Dre-Mir-9-P1a_5p,UCUUUGGUUAUCUAGCUGUAUGA,CUUUGGU,Clupeocephala,1688,ACCAAAG,1731
Dre-Mir-9-P1b_5p,UCUUUGGUUAUCUAGCUGUAUGA,CUUUGGU,Clupeocephala,1688,ACCAAAG,1731
Dre-Mir-9-P2a_5p,UCUUUGGUUAUCUAGCUGUAUGA,CUUUGGU,Clupeocephala,1688,ACCAAAG,1731
Dre-Mir-9-P2b_5p,UCUUUGGUUAUCUAGCUGUAUGA,CUUUGGU,Clupeocephala,1688,ACCAAAG,1731
Dre-Mir-9-P3a_5p,UCUUUGGUUAUCUAGCUGUAUGA,CUUUGGU,Clupeocephala,1688,ACCAAAG,1731
Dre-Mir-9-P4a_5p,UCUUUGGUUAUCUAGCUGUAUGA,CUUUGGU,Clupeocephala,1688,ACCAAAG,1731
Dre-Mir-9-P4b_5p,UCUUUGGUUAUCUAGCUGUAUGA,CUUUGGU,Clupeocephala,1688,ACCAAAG,1731
Dre-Mir-10-P1b1-v1_5p,UACCCUGUAGAACCGAAUUUGU,ACCCUGU,Clupeocephala,972,ACAGGGU,1085
Dre-Mir-10-P1b1-v2_5p,ACCCUGUAGAACCGAAUUUGUG,CCCUGUA,Clupeocephala,795,UACAGGG,854
Dre-Mir-10-P1b2-v1_5p,UACCCUGUAGAACCGAAUGUGU,ACCCUGU,Clupeocephala,972,ACAGGGU,1085
Dre-Mir-10-P1b2-v2_5p,ACCCUGUAGAACCGAAUGUGUG,CCCUGUA,Clupeocephala,795,UACAGGG,854
Dre-Mir-10-P1c1-v1_5p,UACCCUGUAGAUCCGGAUUUGU,ACCCUGU,Clupeocephala,972,ACAGGGU,1085
Dre-Mir-10-P1c1-v2_5p,ACCCUGUAGAUCCGGAUUUGUG,CCCUGUA,Clupeocephala,795,UACAGGG,854
Dre-Mir-10-P1c2-v1_5p,UACCCUGUAGAUCCGAAUUUGU,ACCCUGU,Clupeocephala,972,ACAGGGU,1085
Dre-Mir-10-P1c2-v2_5p,ACCCUGUAGAUCCGAAUUUGUG,CCCUGUA,Clupeocephala,795,UACAGGG,854
Dre-Mir-10-P1d1-v1_5p,UACCCUGUAGAACCGAAUUUGUG,ACCCUGU,Clupeocephala,972,ACAGGGU,1085
Dre-Mir-10-P1d1-v2_5p,ACCCUGUAGAACCGAAUUUGUGU,CCCUGUA,Clupeocephala,795,UACAGGG,854
Dre-Mir-10-P2c1_5p,AACCCGUAGAUCCGAUCUUGUG,ACCCGUA,Clupeocephala,176,UACGGGU,189
Dre-Mir-10-P2c2_5p,AACCCGUAGAUCCGAUCUUGUG,ACCCGUA,Clupeocephala,176,UACGGGU,189
Dre-Mir-10-P2d1_5p,AACCCGUAGAUCCGAACUUGUG,ACCCGUA,Clupeocephala,176,UACGGGU,189
Dre-Mir-10-P2d2_5p,AACCCGUAGAUCCGAACUUGUG,ACCCGUA,Clupeocephala,176,UACGGGU,189
Dre-Mir-10-P3b1_5p,UCCCUGAGACCCUUAACCUGUGA,CCCUGAG,Clupeocephala,577,CUCAGGG,824
Dre-Mir-10-P3b2_5p,UCCCUGAGACCCUUAACCUGUG,CCCUGAG,Clupeocephala,577,CUCAGGG,824
Dre-Mir-10-P3c1_5p,UCCCUGAGACCCUAACUCGUGA,CCCUGAG,Clupeocephala,577,CUCAGGG,824
Dre-Mir-10-P3c2_5p,UCCCUGAGACCCUAACUUGUGA,CCCUGAG,Clupeocephala,577,CUCAGGG,824
Dre-Mir-10-P3d1_5p,UCCCUGAGACCCUAACUUGUGA,CCCUGAG,Clupeocephala,577,CUCAGGG,824
Dre-Mir-10-P3d2_5p,UCCCUGAGACCCUAACUUGUGA,CCCUGAG,Clupeocephala,577,CUCAGGG,824
Dre-Mir-15-P1a1_5p,UAGCAGCACAGAAUGGUUUGUG,AGCAGCA,Clupeocephala,2495,UGCUGCU,3337
Dre-Mir-15-P1a2_5p,UAGCAGCACAGAAUGGUUUGUG,AGCAGCA,Clupeocephala,2495,UGCUGCU,3337
Dre-Mir-15-P1b_5p,AAGCAGCGCGUCAUGGUUUUCA,AGCAGCG,Gnathostomata,656,CGCUGCU,772
Dre-Mir-15-P1d_5p,UAGCAGCACAUCAUGGUUUGUA,AGCAGCA,Gnathostomata,2495,UGCUGCU,3337
Dre-Mir-15-P2a1_5p,UAGCAGCACGUAAAUAUUGGAG,AGCAGCA,Clupeocephala,2495,UGCUGCU,3337
Dre-Mir-15-P2a2_5p,UAGCAGCAUGUAAAUAUUGGAGU,AGCAGCA,Clupeocephala,2495,UGCUGCU,3337
Dre-Mir-15-P2a2_3p,UCCAAUAUUGCUCGUGCUGCUGAA,CCAAUAU,Clupeocephala,1415,AUAUUGG,1687
Dre-Mir-15-P2b_5p,UAGCAGCACGUAAAUAUUGGUGU,AGCAGCA,Gnathostomata,2495,UGCUGCU,3337
Dre-Mir-15-P2c-v1_5p,AAGCAGCACAUAAAUACUGGAG,AGCAGCA,Gnathostomata,2495,UGCUGCU,3337
Dre-Mir-15-P2c-v2_3p,UCCAGUAUUGCUGUUCUGCUGU,CCAGUAU,Gnathostomata,1076,AUACUGG,1098
Dre-Mir-15-P2d_5p,AAGCAGCACAUCAAUAUUGGCA,AGCAGCA,Gnathostomata,2495,UGCUGCU,3337
Dre-Mir-17-P1a1_5p,CAAAGUGCUUACAGUGCAGGUAG,AAAGUGC,Clupeocephala,2347,GCACUUU,3040
Dre-Mir-17-P1a2_5p,CAAAGUGCUUACAGUGCAGGUAG,AAAGUGC,Clupeocephala,2347,GCACUUU,3040
Dre-Mir-17-P2a1_5p,UAAGGUGCAUCUAGUGCAGAUAG,AAGGUGC,Clupeocephala,1124,GCACCUU,1027
Dre-Mir-17-P2a2_5p,UAAGGUGCAUUUAGUGCAGAUAG,AAGGUGC,Clupeocephala,1124,GCACCUU,1027
Dre-Mir-17-P2c_5p,UAAGGUGCAUCUUGUGUAGUUAG,AAGGUGC,Gnathostomata,1124,GCACCUU,1027
Dre-Mir-17-P4a1_5p,UAAAGUGCUUAUAGUGCAGGUAG,AAAGUGC,Clupeocephala,2347,GCACUUU,3040
Dre-Mir-17-P4a2_5p,UAAAGUGCUUAUAGUGCAGGUAG,AAAGUGC,Clupeocephala,2347,GCACUUU,3040
Dre-Mir-17-P4c_5p,CAAAGUGCUCACAGUGCAGGUAG,AAAGUGC,Gnathostomata,2347,GCACUUU,3040
Dre-Mir-17-P4d_5p,AAAAGUGCUGUUUGUGCAGGUAG,AAAGUGC,Gnathostomata,2347,GCACUUU,3040
Dre-Mir-19-P1a1_3p,UGUGCAAAUCUAUGCAAAACUGA,GUGCAAA,Clupeocephala,2252,UUUGCAC,3051
Dre-Mir-19-P1a2_3p,UGUGCAAAUCUAUGCAAAACUGA,GUGCAAA,Clupeocephala,2252,UUUGCAC,3051
Dre-Mir-19-P2a1_3p,UGUGCAAAUCCAUGCAAAACUGA,GUGCAAA,Clupeocephala,2252,UUUGCAC,3051
Dre-Mir-19-P2a2_3p,UGUGCAAAUCCAUGCAAAACUGA,GUGCAAA,Clupeocephala,2252,UUUGCAC,3051
Dre-Mir-19-P2c_3p,UGUGCAAAUCCAUGCAAAACUCG,GUGCAAA,Gnathostomata,2252,UUUGCAC,3051
Dre-Mir-19-P2d_3p,UGUGCAAACCCAUGCAAAACUGA,GUGCAAA,Vertebrata,2252,UUUGCAC,3051
Dre-Mir-21-P1_5p,UAGCUUAUCAGACUGGUGUUGGC,AGCUUAU,Clupeocephala,1554,AUAAGCU,1561
Dre-Mir-21-P2_5p,UAGCUUAUCAGACUGGUGUUGGC,AGCUUAU,Clupeocephala,1554,AUAAGCU,1561
Dre-Mir-22-P1a_3p,AAGCUGCCAGUUGAAGAGCUGU,AGCUGCC,Vertebrata,743,GGCAGCU,827
Dre-Mir-22-P1b1_3p,AAGCUGCCAGCUGAAGAACUGU,AGCUGCC,Clupeocephala,743,GGCAGCU,827
Dre-Mir-22-P1b2_3p,AAGCUGCCAGCUGAAGAACUGU,AGCUGCC,Clupeocephala,743,GGCAGCU,827
Dre-Mir-23-P1_3p,AUCACAUUGCCAGGGAUUUCCA,UCACAUU,Gnathostomata,3587,AAUGUGA,4336
Dre-Mir-23-P2a_3p,AUCACAUUGCCAGGGAUUACCAC,UCACAUU,Clupeocephala,3587,AAUGUGA,4336
Dre-Mir-23-P2b_3p,AUCACAUUGCCAGGGAUUACCAC,UCACAUU,Clupeocephala,3587,AAUGUGA,4336
Dre-Mir-23-P3_3p,AUCACAUUGCCAGGGAUUUCCA,UCACAUU,Gnathostomata,3587,AAUGUGA,4336
Dre-Mir-23-P4a_3p,AUCACAUUGCCAGGGAUUUCCA,UCACAUU,Clupeocephala,3587,AAUGUGA,4336
Dre-Mir-24-P1_3p,UGGCUCAGUUCAGCAGGAACCG,GGCUCAG,Gnathostomata,874,CUGAGCC,1060
Dre-Mir-24-P2a_3p,UGGCUCAGUUCAGCAGGAACAG,GGCUCAG,Clupeocephala,874,CUGAGCC,1060
Dre-Mir-24-P2b_3p,UGGCUCAGUUCAGCAGGAACAG,GGCUCAG,Clupeocephala,874,CUGAGCC,1060
Dre-Mir-24-P3_3p,UGGCUCAGUUCAGCAGGAACAG,GGCUCAG,Gnathostomata,874,CUGAGCC,1060
Dre-Mir-24-P4a_3p,UGGCUCAGUUCAGCAGGAACAG,GGCUCAG,Clupeocephala,874,CUGAGCC,1060
Dre-Mir-26-P1a_5p,UUCAAGUAAUCCAGGAUAGGCU,UCAAGUA,Clupeocephala,1496,UACUUGA,2037
Dre-Mir-26-P1b_5p,UUCAAGUAAUCCAGGAUAGGCU,UCAAGUA,Clupeocephala,1496,UACUUGA,2037
Dre-Mir-26-P2a_5p,UUCAAGUAAUCCAGGAUAGGCU,UCAAGUA,Clupeocephala,1496,UACUUGA,2037
Dre-Mir-26-P4_5p,UUCAAGUAAUCCAGGAUAGGUU,UCAAGUA,Gnathostomata,1496,UACUUGA,2037
Dre-Mir-27-P1_3p,UUCACAGUGGCUAAGUUCCGC,UCACAGU,Gnathostomata,2482,ACUGUGA,3169
Dre-Mir-27-P2a_3p,UUCACAGUGGCUAAGUUCUUCA,UCACAGU,Clupeocephala,2482,ACUGUGA,3169
Dre-Mir-27-P2b_3p,UUCACAGUGGCUAAGUUCUGC,UCACAGU,Clupeocephala,2482,ACUGUGA,3169
Dre-Mir-27-P3_3p,UUCACAGUGGUUAAGUUCUGCC,UCACAGU,Gnathostomata,2482,ACUGUGA,3169
Dre-Mir-27-P4a_3p,UUCACAGUGGCUAAGUUCAGU,UCACAGU,Clupeocephala,2482,ACUGUGA,3169
Dre-Mir-29-P1b1_3p,UAGCACCAUUUGAAAUCAGUGU,AGCACCA,Clupeocephala,1153,UGGUGCU,1686
Dre-Mir-29-P1d1_5p,GCUGAAUUCAGAUGGUGCCAUAGA,CUGAAUU,Clupeocephala,3043,AAUUCAG,2679
Dre-Mir-29-P1d2_3p,UAGCACCAUUUGAAAUCAGUGUU,AGCACCA,Clupeocephala,1153,UGGUGCU,1686
Dre-Mir-29-P2b1_3p,UAGCACCAUUUGAAAUCGGUUA,AGCACCA,Clupeocephala,1153,UGGUGCU,1686
Dre-Mir-29-P2d2_3p,UAGCACCAUUUGAAAUCGGUUA,AGCACCA,Clupeocephala,1153,UGGUGCU,1686
Dre-Mir-30-P1a_5p,UGUAAACAUCCCCGACUGGAAGCU,GUAAACA,Gnathostomata,3472,UGUUUAC,4809
Dre-Mir-30-P1b_5p,UGUAAACAUCCUUGACUGGAAGCU,GUAAACA,Gnathostomata,3472,UGUUUAC,4809
Dre-Mir-30-P1d_5p,UGUAAACAUCCUUGACUGGAAGCU,GUAAACA,Gnathostomata,3472,UGUUUAC,4809
Dre-Mir-30-P1o1_5p,UGUAAACAUUCCCGACUGGAAGUU,GUAAACA,D. rerio,3472,UGUUUAC,4809
Dre-Mir-30-P2a_5p,UGUAAACAUCCUACACUCAGCU,GUAAACA,Gnathostomata,3472,UGUUUAC,4809
Dre-Mir-30-P2b_5p,UGUAAACAUCCUACACUCUCAGCU,GUAAACA,Gnathostomata,3472,UGUUUAC,4809
Dre-Mir-30-P2d_5p,UGUAAACAUCCUACACUCUCAGCU,GUAAACA,Gnathostomata,3472,UGUUUAC,4809
Dre-Mir-31_5p,UGGCAAGAUGUUGGCAUAGCUGU,GGCAAGA,Bilateria,677,UCUUGCC,813
Dre-Mir-33-P1a_3p,CAAUGUUCCUGCAGUGCAACA,AAUGUUC,Clupeocephala,3176,GAACAUU,3040
Dre-Mir-34-P1_5p,UGGCAGUGUCUUAGCUGGUUGUU,GGCAGUG,Gnathostomata,885,CACUGCC,1219
Dre-Mir-34-P2a_5p,AGGCAGUGUUGUUAGCUGAUUGU,GGCAGUG,Gnathostomata,885,CACUGCC,1219
Dre-Mir-34-P2b_5p,AGGCAGUGCAGUUAGUUGAUUAC,GGCAGUG,Gnathostomata,885,CACUGCC,1219
Dre-Mir-92-P1a1_3p,UAUUGCACUUGUCCCGGCCUGU,AUUGCAC,Clupeocephala,1725,GUGCAAU,1894
Dre-Mir-92-P1a2_3p,UAUUGCACUUGUCCCGGCCUGU,AUUGCAC,Clupeocephala,1725,GUGCAAU,1894
Dre-Mir-92-P1d_3p,UAUUGCACUCGUCCCGGCCUCC,AUUGCAC,Gnathostomata,1725,GUGCAAU,1894
Dre-Mir-92-P2c_3p,AAUUGCACGGUAUCCAUCUGUA,AUUGCAC,Gnathostomata,1725,GUGCAAU,1894
Dre-Mir-92-P2d_3p,CAUUGCACUUGUCUCGGUCUGA,AUUGCAC,Gnathostomata,1725,GUGCAAU,1894
Dre-Mir-96-P1a_5p,UUUGGCACUAGCACAUUUUUGCU,UUGGCAC,Clupeocephala,915,GUGCCAA,1294
Dre-Mir-96-P2a_5p,UUUGGCAAUGGUAGAACUCACACU,UUGGCAA,Clupeocephala,1226,UUGCCAA,1781
Dre-Mir-96-P3a-v1_5p,UAUGGCACUGGUAGAAUUCACU,AUGGCAC,Clupeocephala,987,GUGCCAU,1408
Dre-Mir-96-P3a-v2_5p,AUGGCACUGGUAGAAUUCACUG,UGGCACU,Clupeocephala,1141,AGUGCCA,1280
Dre-Mir-101-P1-v1_3p,UACAGUACUGUGAUAACUGAAG,ACAGUAC,Vertebrata,1730,GUACUGU,2585
Dre-Mir-101-P1-v2_3p,GUACAGUACUGUGAUAACUGAA,UACAGUA,Vertebrata,4307,UACUGUA,5421
Dre-Mir-101-P2-v1_3p,UACAGUACUAUGAUAACUGAAG,ACAGUAC,Vertebrata,1730,GUACUGU,2585
Dre-Mir-101-P2-v2_3p,GUACAGUACUAUGAUAACUGAA,UACAGUA,Vertebrata,4307,UACUGUA,5421
Dre-Mir-103-P1a_3p,AGCAGCAUUGUACAGGGCUUUCA,GCAGCAU,Clupeocephala,1575,AUGCUGC,1962
Dre-Mir-103-P1b_3p,AGCAGCAUUGUACAGGGCUAUCA,GCAGCAU,Clupeocephala,1575,AUGCUGC,1962
Dre-Mir-103-P2a_3p,AGCAGCAUUGUACAGGGCUAUGA,GCAGCAU,Clupeocephala,1575,AUGCUGC,1962
Dre-Mir-103-P2b_3p,AGCAGCAUUGUACAGGGCUAUGA,GCAGCAU,Clupeocephala,1575,AUGCUGC,1962
Dre-Mir-122_5p,UGGAGUGUGACAAUGGUGUUUG,GGAGUGU,Vertebrata,1227,ACACUCC,1154
Dre-Mir-124-P1a-v1_3p,UAAGGCACGCGGUGAAUGCCAA,AAGGCAC,Clupeocephala,833,GUGCCUU,1657
Dre-Mir-124-P1a-v2_3p,UUAAGGCACGCGGUGAAUGCCA,UAAGGCA,Clupeocephala,987,UGCCUUA,1761
Dre-Mir-124-P1b-v1_3p,UAAGGCACGCGGUGAAUGCCAA,AAGGCAC,Clupeocephala,833,GUGCCUU,1657
Dre-Mir-124-P1b-v2_3p,UUAAGGCACGCGGUGAAUGCCA,UAAGGCA,Clupeocephala,987,UGCCUUA,1761
Dre-Mir-124-P2a-v1_3p,UAAGGCACGCGGUGAAUGCCAA,AAGGCAC,Clupeocephala,833,GUGCCUU,1657
Dre-Mir-124-P2a-v2_3p,UUAAGGCACGCGGUGAAUGCCA,UAAGGCA,Clupeocephala,987,UGCCUUA,1761
Dre-Mir-124-P3a-v1_3p,UAAGGCACGCGGUGAAUGCCAA,AAGGCAC,Clupeocephala,833,GUGCCUU,1657
Dre-Mir-124-P3a-v2_3p,UUAAGGCACGCGGUGAAUGCCA,UAAGGCA,Clupeocephala,987,UGCCUUA,1761
Dre-Mir-124-P3b-v1_3p,UAAGGCACGCGGUGAAUGCCAA,AAGGCAC,Clupeocephala,833,GUGCCUU,1657
Dre-Mir-124-P3b-v2_3p,UUAAGGCACGCGGUGAAUGCCA,UAAGGCA,Clupeocephala,987,UGCCUUA,1761
Dre-Mir-124-P4-v1_3p,UAAGGCACGCGGUGAAUGCCAA,AAGGCAC,Gnathostomata,833,GUGCCUU,1657
Dre-Mir-124-P4-v2_3p,UUAAGGCACGCGGUGAAUGCCA,UAAGGCA,Gnathostomata,987,UGCCUUA,1761
Dre-Mir-126-P2a-v1_3p,UCGUACCGUGAGUAAUAAUGCA,CGUACCG,Clupeocephala,95,CGGUACG,110
Dre-Mir-126-P2a-v2_5p,CAUUAUUACUUUUGGUACGCG,AUUAUUA,Clupeocephala,11562,UAAUAAU,9239
Dre-Mir-126-P2a-v3_3p,CUCGUACCGUGAGUAAUAAUGCA,UCGUACC,Clupeocephala,179,GGUACGA,167
Dre-Mir-126-P2b-v1_3p,UCGUACCGUGAGUAAUAGUGCA,CGUACCG,Clupeocephala,95,CGGUACG,110
Dre-Mir-126-P2b-v2_5p,CAUUAUUACUUUUGGUACGCG,AUUAUUA,Clupeocephala,11562,UAAUAAU,9239
Dre-Mir-126-P2b-v3_3p,CUCGUACCGUGAGUAAUAGUGCA,UCGUACC,Clupeocephala,179,GGUACGA,167
Dre-Mir-128-P1_3p,UCACAGUGAACCGGUCUCUUU,CACAGUG,Gnathostomata,2235,CACUGUG,2763
Dre-Mir-128-P2a_3p,UCACAGUGAACCGGUCUCUUU,CACAGUG,Clupeocephala,2235,CACUGUG,2763
Dre-Mir-128-P2b_3p,UCACAGUGAACCGGUCUCUUU,CACAGUG,Clupeocephala,2235,CACUGUG,2763
Dre-Mir-129-P1a_5p,CUUUUUGCGGUCUGGGCUUGC,UUUUUGC,Clupeocephala,5164,GCAAAAA,3917
Dre-Mir-129-P1b_5p,CUUUUUGCGGUCUGGGCUUGC,UUUUUGC,Clupeocephala,5164,GCAAAAA,3917
Dre-Mir-129-P2a_5p,CUUUUUGCGGUCUGGGCUUGC,UUUUUGC,Clupeocephala,5164,GCAAAAA,3917
Dre-Mir-129-P2b_5p,CUUUUUGCGGUCUGGGCUUGC,UUUUUGC,Clupeocephala,5164,GCAAAAA,3917
Dre-Mir-130-P1a1_3p,CAGUGCAAUAUUAAAAGGGCAU,AGUGCAA,Clupeocephala,1906,UUGCACU,2609
Dre-Mir-130-P1a2_3p,CAGUGCAAUAUUAAAAGGGCAU,AGUGCAA,Clupeocephala,1906,UUGCACU,2609
Dre-Mir-130-P1b1_3p,CAGUGCAAUGUUAAAAGGGCAU,AGUGCAA,Clupeocephala,1906,UUGCACU,2609
Dre-Mir-130-P2a1_5p,GCUUUGACGAUGUUGCACUACU,CUUUGAC,Clupeocephala,1638,GUCAAAG,1503
Dre-Mir-130-P2a2_3p,CAGUGCAAUAGUAUUGUCAUAGCAU,AGUGCAA,Clupeocephala,1906,UUGCACU,2609
Dre-Mir-130-P2b1_3p,CAGUGCAAUAGUAUUGUCAAAGCGU,AGUGCAA,Clupeocephala,1906,UUGCACU,2609
Dre-Mir-130-P3a1_3p,UAGUGCAAUAUUGCUUAUAGGGUC,AGUGCAA,Clupeocephala,1906,UUGCACU,2609
Dre-Mir-130-P3b1_3p,UAGUGCAAUAUUGCUAAUAGGGUUU,AGUGCAA,Clupeocephala,1906,UUGCACU,2609
Dre-Mir-130-P4a1_3p,CAGUGCAAUAAUGAAAGGGCAU,AGUGCAA,Clupeocephala,1906,UUGCACU,2609
Dre-Mir-132-P1a_3p,UAACAGUCUACAGCCAUGGUCG,AACAGUC,Clupeocephala,1499,GACUGUU,2350
Dre-Mir-132-P1b_3p,UAACAGUCUACAGCCAUGGUCG,AACAGUC,Clupeocephala,1499,GACUGUU,2350
Dre-Mir-132-P2a_5p,ACCUUGGCUCUAGACUGCUUACU,CCUUGGC,Clupeocephala,414,GCCAAGG,433
Dre-Mir-132-P2a_3p,UAACAGUCUACAGUCAUGGCUAC,AACAGUC,Clupeocephala,1499,GACUGUU,2350
Dre-Mir-132-P2b_5p,ACCUUGGCUCUAGACUGCUUACU,CCUUGGC,Clupeocephala,414,GCCAAGG,433
Dre-Mir-132-P2b_3p,UAACAGUCUACAGUCAUGGCUAC,AACAGUC,Clupeocephala,1499,GACUGUU,2350
Dre-Mir-133-P1-v1_3p,UUUGGUCCCCUUCAACCAGCUGU,UUGGUCC,Gnathostomata,826,GGACCAA,1061
Dre-Mir-133-P1-v2_3p,UUGGUCCCCUUCAACCAGCUGU,UGGUCCC,Gnathostomata,377,GGGACCA,566
Dre-Mir-133-P2a-v1_3p,UUUGGUCCCCUUCAACCAGCUA,UUGGUCC,Clupeocephala,826,GGACCAA,1061
Dre-Mir-133-P2a-v2_3p,UUGGUCCCCUUCAACCAGCUA,UGGUCCC,Clupeocephala,377,GGGACCA,566
Dre-Mir-133-P2b-v1_3p,UUUGGUCCCUUUCAACCAGCUA,UUGGUCC,Clupeocephala,826,GGACCAA,1061
Dre-Mir-133-P2b-v2_3p,UUGGUCCCUUUCAACCAGCUA,UGGUCCC,Clupeocephala,377,GGGACCA,566
Dre-Mir-133-P3-v1_3p,UUUGGUCCCCUUCAACCAGCUGU,UUGGUCC,Gnathostomata,826,GGACCAA,1061
Dre-Mir-133-P3-v2_3p,UUGGUCCCCUUCAACCAGCUGU,UGGUCCC,Gnathostomata,377,GGGACCA,566
Dre-Mir-135-P1_5p,UAUGGCUUUUUAUUCCUAUCUGA,AUGGCUU,Gnathostomata,1535,AAGCCAU,1667
Dre-Mir-135-P2a_5p,UAUGGCUUUUUAUUCCUAUGUGA,AUGGCUU,Clupeocephala,1535,AAGCCAU,1667
Dre-Mir-135-P4a_5p,UAUGGCUUUCUAUUCCUAUGUGA,AUGGCUU,Clupeocephala,1535,AAGCCAU,1667
Dre-Mir-135-P4b_5p,UAUGGCUUUCUAUUCCUAUGUGA,AUGGCUU,Clupeocephala,1535,AAGCCAU,1667
Dre-Mir-137-P1a-v1_3p,UUAUUGCUUAAGAAUACGCGUAG,UAUUGCU,Clupeocephala,2266,AGCAAUA,1978
Dre-Mir-137-P1a-v2_3p,UAUUGCUUAAGAAUACGCGUAGU,AUUGCUU,Clupeocephala,2529,AAGCAAU,2206
Dre-Mir-137-P1b-v1_3p,UUAUUGCUUAAGAAUACGCGUAG,UAUUGCU,Clupeocephala,2266,AGCAAUA,1978
Dre-Mir-137-P1b-v2_3p,UAUUGCUUAAGAAUACGCGUAGU,AUUGCUU,Clupeocephala,2529,AAGCAAU,2206
Dre-Mir-138-P1a_5p,AGCUGGUGUUGUGAAUCAGGCCG,GCUGGUG,Clupeocephala,1241,CACCAGC,1232
Dre-Mir-138-P2_5p,AGCUGGUGUUGUGAAUCAGGCCG,GCUGGUG,Vertebrata,1241,CACCAGC,1232
Dre-Mir-139_5p,UCUACAGUGCAUGUGUCUCCAGU,CUACAGU,Gnathostomata,1918,ACUGUAG,2195
Dre-Mir-140-P1-v1_3p,ACCACAGGGUAGAACCACGGAC,CCACAGG,Gnathostomata,885,CCUGUGG,1008
Dre-Mir-140-P1-v2_3p,UACCACAGGGUAGAACCACGGAC,ACCACAG,Gnathostomata,1730,CUGUGGU,2134
Dre-Mir-142-P1-v1_5p,CAUAAAGUAGAAAGCACUACU,AUAAAGU,Gnathostomata,4193,ACUUUAU,4424
Dre-Mir-142-P1-v2_5p,CAUAAAGUAGAAAGCACUACUA,AUAAAGU,Gnathostomata,4193,ACUUUAU,4424
Dre-Mir-142-P1-v2_3p,GUAGUGUUUCCUACUUUAUGGA,UAGUGUU,Gnathostomata,2865,AACACUA,2517
Dre-Mir-142-P1-v3_3p,UGUAGUGUUUCCUACUUUAUGGA,GUAGUGU,Gnathostomata,1719,ACACUAC,1839
Dre-Mir-142-P1-v4_5p,UCCAUAAAGUAGAAAGCACUAC,CCAUAAA,Gnathostomata,1825,UUUAUGG,2516
Dre-Mir-142-P2-v1_5p,CAUAAAGUAGACAGCACUACU,AUAAAGU,Gnathostomata,4193,ACUUUAU,4424
Dre-Mir-142-P2-v2_3p,GUAGUGUUUCCUACUUUAUGGA,UAGUGUU,Gnathostomata,2865,AACACUA,2517
Dre-Mir-142-P2-v3_3p,UGUAGUGUUUCCUACUUUAUGGA,GUAGUGU,Gnathostomata,1719,ACACUAC,1839
Dre-Mir-143_3p,UGAGAUGAAGCACUGUAGCUC,GAGAUGA,Vertebrata,1786,UCAUCUC,1861
Dre-Mir-144-v1_3p,UACAGUAUAGAUGAUGUACUA,ACAGUAU,Vertebrata,3497,AUACUGU,3818
Dre-Mir-144-v2_3p,CUACAGUAUAGAUGAUGUACUA,UACAGUA,Vertebrata,4307,UACUGUA,5421
Dre-Mir-145_5p,GUCCAGUUUUCCCAGGAAUCCCU,UCCAGUU,Vertebrata,1779,AACUGGA,1984
Dre-Mir-146-P1_5p,UGAGAACUGAAUUCCAUAGAUGG,GAGAACU,Gnathostomata,1116,AGUUCUC,1114
Dre-Mir-146-P4-v1_5p,UGAGAACUGAAUUCCAAGGGUGU,GAGAACU,Gnathostomata,1116,AGUUCUC,1114
Dre-Mir-146-P4-v2_5p,UUGAGAACUGAAUUCCAAGGGUG,UGAGAAC,Gnathostomata,1283,GUUCUCA,1435
Dre-Mir-148-P2_3p,UCAGUGCAUUACAGAACUUUG,CAGUGCA,Gnathostomata,2142,UGCACUG,2861
Dre-Mir-148-P3_3p,UCAGUGCAUGACAGAACUUUG,CAGUGCA,Gnathostomata,2142,UGCACUG,2861
Dre-Mir-150_5p,UCUCCCAAUCCUUGUACCAGUG,CUCCCAA,Gnathostomata,738,UUGGGAG,886
Dre-Mir-153-P1a_3p,UUGCAUAGUCACAAAAGUGAUC,UGCAUAG,Clupeocephala,1061,CUAUGCA,1325
Dre-Mir-153-P2a_3p,UUGCAUAGUCACAAAAAUGAUC,UGCAUAG,Clupeocephala,1061,CUAUGCA,1325
Dre-Mir-153-P2b_5p,GUCAUUUUUGUGGUUUGCAGCU,UCAUUUU,Clupeocephala,9577,AAAAUGA,8232
Dre-Mir-155_5p,UUAAUGCUAAUCGUGAUAGGGGUU,UAAUGCU,Vertebrata,2549,AGCAUUA,2275
Dre-Mir-181-P1a1_5p,AACAUUCAACGCUGUCGGUGAGU,ACAUUCA,Clupeocephala,3656,UGAAUGU,5610
Dre-Mir-181-P1a2_5p,AACAUUCAACGCUGUCGGUGAGU,ACAUUCA,Clupeocephala,3656,UGAAUGU,5610
Dre-Mir-181-P1b2_5p,AACAUUCAACGCUGUCGGUGAGU,ACAUUCA,Clupeocephala,3656,UGAAUGU,5610
Dre-Mir-181-P1c1_5p,AACAUUCAACGCUGUCGGUGAGU,ACAUUCA,Clupeocephala,3656,UGAAUGU,5610
Dre-Mir-181-P1c2_5p,AACAUUCAACGCUGUCGGUGAGU,ACAUUCA,Clupeocephala,3656,UGAAUGU,5610
Dre-Mir-181-P2a1_5p,AACAUUCAUUGCUGUCGGUGGGUU,ACAUUCA,Clupeocephala,3656,UGAAUGU,5610
Dre-Mir-181-P2a2_5p,UACAUUCAUUGAUGUCGUUGGGU,ACAUUCA,Clupeocephala,3656,UGAAUGU,5610
Dre-Mir-181-P2b2_5p,AACAUUCAUUGCUGUCGGUGGGUU,ACAUUCA,Clupeocephala,3656,UGAAUGU,5610
Dre-Mir-181-P2c1_5p,AACAUUCAUUGCUGUCGGUGGGUU,ACAUUCA,Clupeocephala,3656,UGAAUGU,5610
Dre-Mir-181-P2c2_5p,CACAUUCAUUGCUGUCGGUGGGUU,ACAUUCA,Clupeocephala,3656,UGAAUGU,5610
Dre-Mir-184-P1_3p,UGGACGGAGAACUGAUAAGGGC,GGACGGA,Clupeocephala,376,UCCGUCC,435
Dre-Mir-184-P2_3p,UGGACGGAGAACUGAUAAGGGC,GGACGGA,Clupeocephala,376,UCCGUCC,435
Dre-Mir-187_3p,UCGUGUCUUGUGUUGCAGCCAG,CGUGUCU,Osteichthyes,742,AGACACG,568
Dre-Mir-190-P1b_5p,UGAUAUGUUUGAUAUAUUAGGUUG,GAUAUGU,Clupeocephala,1513,ACAUAUC,1318
Dre-Mir-190-P3_5p,UGAUAUGUUUGAUAUUCGGUUG,GAUAUGU,Gnathostomata,1513,ACAUAUC,1318
Dre-Mir-191_5p,UAACGGAACCCAUAAUGCAGCUG,AACGGAA,Gnathostomata,598,UUCCGUU,702
Dre-Mir-192-P2b_5p,AUGACCUAUGAAUUGACAGCCA,UGACCUA,Clupeocephala,917,UAGGUCA,820
Dre-Mir-193-P1a_3p,AACUGGCCCGCAAAGUCCCGCU,ACUGGCC,Vertebrata,798,GGCCAGU,851
Dre-Mir-193-P1b1_3p,AACUGGCCUACAAAGUCCCAGU,ACUGGCC,Clupeocephala,798,GGCCAGU,851
Dre-Mir-193-P1b2_3p,AACUGGCCUACAAAGUCCCAGU,ACUGGCC,Clupeocephala,798,GGCCAGU,851
Dre-Mir-193-P2a_3p,UAAUGCCCCUAAAAAUCCUUA,AAUGCCC,Vertebrata,611,GGGCAUU,772
Dre-Mir-193-P2b1_3p,UAAUGCCCCUAAAAAUCCUUAU,AAUGCCC,Clupeocephala,611,GGGCAUU,772
Dre-Mir-193-P2b2_3p,UAAUGCCCCUAAAAAUCCUUAU,AAUGCCC,Clupeocephala,611,GGGCAUU,772
Dre-Mir-194-P2a_5p,UGUAACAGCCGCUCCAUGUGGAA,GUAACAG,Clupeocephala,1099,CUGUUAC,1677
Dre-Mir-194-P2b_5p,UGUAACAGCAACUCCAUGUGGAA,GUAACAG,Clupeocephala,1099,CUGUUAC,1677
Dre-Mir-196-P1a_5p,UAGGUAGUUUCAUGUUGUUGGGA,AGGUAGU,Clupeocephala,619,ACUACCU,810
Dre-Mir-196-P1b_5p,UAGGUAGUUUUAUGUUGUUGGG,AGGUAGU,Clupeocephala,619,ACUACCU,810
Dre-Mir-196-P3a_5p,UAGGUAGUUUCAAGUUGUUGGGC,AGGUAGU,Clupeocephala,619,ACUACCU,810
Dre-Mir-196-P4a_5p,UAGGUAGUUUCAUGUUGUUGGGA,AGGUAGU,Clupeocephala,619,ACUACCU,810
Dre-Mir-196-P4b_5p,UAGGUAGUUUGAUGUUGUUGGG,AGGUAGU,Clupeocephala,619,ACUACCU,810
Dre-Mir-199-P1a-v1_3p,ACAGUAGUCUGCACAUUGGUUA,CAGUAGU,Clupeocephala,1305,ACUACUG,1581
Dre-Mir-199-P1a-v2_3p,UACAGUAGUCUGCACAUUGGUUA,ACAGUAG,Clupeocephala,1574,CUACUGU,1867
Dre-Mir-199-P1a-v3_3p,CAGUAGUCUGCACAUUGGUUA,AGUAGUC,Clupeocephala,629,GACUACU,725
Dre-Mir-199-P2a-v1_3p,ACAGUAGUCUGCACAUUGGUUA,CAGUAGU,Clupeocephala,1305,ACUACUG,1581
Dre-Mir-199-P2a-v2_3p,UACAGUAGUCUGCACAUUGGUUA,ACAGUAG,Clupeocephala,1574,CUACUGU,1867
Dre-Mir-199-P2a-v3_3p,CAGUAGUCUGCACAUUGGUUA,AGUAGUC,Clupeocephala,629,GACUACU,725
Dre-Mir-199-P2b-v1_3p,ACAGUAGUCUGCACAUUGGUUA,CAGUAGU,Clupeocephala,1305,ACUACUG,1581
Dre-Mir-199-P2b-v2_3p,UACAGUAGUCUGCACAUUGGUUA,ACAGUAG,Clupeocephala,1574,CUACUGU,1867
Dre-Mir-199-P2b-v3_3p,CAGUAGUCUGCACAUUGGUUA,AGUAGUC,Clupeocephala,629,GACUACU,725
Dre-Mir-199-P3-v1_3p,ACAGUAGUCCGCACAUUGGUUA,CAGUAGU,Gnathostomata,1305,ACUACUG,1581
Dre-Mir-199-P3-v2_3p,AACAGUAGUCCGCACAUUGGUUA,ACAGUAG,Gnathostomata,1574,CUACUGU,1867
Dre-Mir-199-P3-v3_3p,CAGUAGUCCGCACAUUGGUUA,AGUAGUC,Gnathostomata,629,GACUACU,725
Dre-Mir-202_5p,UUCCUAUGCAUAUACCUCUUU,UCCUAUG,Vertebrata,662,CAUAGGA,567
Dre-Mir-203-P1-v1_3p,GUGAAAUGUUCAGGACCACUUG,UGAAAUG,Clupeocephala,5566,CAUUUCA,5061
Dre-Mir-203-P1-v2_3p,UGAAAUGUUCAGGACCACUUG,GAAAUGU,Clupeocephala,5255,ACAUUUC,4485
Dre-Mir-203-P2-v1_3p,GUGAAAUGUUUAGGACCACUUG,UGAAAUG,Clupeocephala,5566,CAUUUCA,5061
Dre-Mir-203-P2-v2_3p,UGAAAUGUUUAGGACCACUUG,GAAAUGU,Clupeocephala,5255,ACAUUUC,4485
Dre-Mir-204-P1a_5p,UUCCCUUUGUCAUCCUAUGCCU,UCCCUUU,Clupeocephala,2613,AAAGGGA,3025
Dre-Mir-204-P1b_5p,UUCCCUUUGUCAUCCUAUGCCU,UCCCUUU,Clupeocephala,2613,AAAGGGA,3025
Dre-Mir-204-P2_5p,UUCCCUUUGUCAUCCUAUGCCU,UCCCUUU,Gnathostomata,2613,AAAGGGA,3025
Dre-Mir-205-P4a_5p,UCCUUCAUUCCACCGGAGUCUG,CCUUCAU,Clupeocephala,1843,AUGAAGG,1968
Dre-Mir-208-P1_3p,GUAAGACGAACAAAAAGUUUUU,UAAGACG,Vertebrata,416,CGUCUUA,461
Dre-Mir-210_3p,CUGUGCGUGUGACAGCGGCUAA,UGUGCGU,Bilateria,1885,ACGCACA,1308
Dre-Mir-214-P1-v1_3p,ACAGCAGGCACAGACAGGCAGA,CAGCAGG,Clupeocephala,1714,CCUGCUG,2010
Dre-Mir-214-P1-v2_3p,UACAGCAGGCACAGACAGGCAGA,ACAGCAG,Clupeocephala,3176,CUGCUGU,3926
Dre-Mir-216-P2a_5p,UAAUCUCUGCAGGCAACUGUGA,AAUCUCU,Vertebrata,1909,AGAGAUU,2375
Dre-Mir-216-P2b_5p,UAAUCUCAGCUGGCAACUGUGAG,AAUCUCA,Vertebrata,2226,UGAGAUU,2574
Dre-Mir-217-v1_5p,UACUGCAUCAGGAACUGAUUGGA,ACUGCAU,Chordata,2687,AUGCAGU,2849
Dre-Mir-217-v2_5p,AUACUGCAUCAGGAACUGAUUGG,UACUGCA,Chordata,2067,UGCAGUA,2245
Dre-Mir-218-P2_5p,UUGUGCUUGAUCUAACCAUGUG,UGUGCUU,Gnathostomata,3418,AAGCACA,2763
Dre-Mir-218-P3_5p,UUGUGCUUGAUCUAACCAUGC,UGUGCUU,Gnathostomata,3418,AAGCACA,2763
Dre-Mir-218-P4-v1_5p,UUGUGCUUGAUCUAACCAUGUG,UGUGCUU,Gnathostomata,3418,AAGCACA,2763
Dre-Mir-218-P4-v2_3p,UCACAUGGUUCCGUCAAGCACC,CACAUGG,Gnathostomata,1301,CCAUGUG,1363
Dre-Mir-219-P2a_5p,UGAUUGUCCAAACGCAAUUCUUG,GAUUGUC,Clupeocephala,1119,GACAAUC,1029
Dre-Mir-219-P2a_3p,AGAAUUGUGCCUGGACAUCUGU,GAAUUGU,Clupeocephala,2546,ACAAUUC,1944
Dre-Mir-219-P2b_5p,UGAUUGUCCAAACGCAAUUCUUG,GAUUGUC,Clupeocephala,1119,GACAAUC,1029
Dre-Mir-219-P2b_3p,AGAAUUGUGCCUGGACAUCUGU,GAAUUGU,Clupeocephala,2546,ACAAUUC,1944
Dre-Mir-219-P3a_5p,UGAUUGUCCAAACGCAAUUCUUG,GAUUGUC,Clupeocephala,1119,GACAAUC,1029
Dre-Mir-219-P3a_3p,GGAGUUGUGGAUGGACAUCACGC,GAGUUGU,Clupeocephala,1435,ACAACUC,1042
Dre-Mir-221-P1a1_5p,UGCUCAGUAGUCAGUGUAGAUCC,GCUCAGU,Clupeocephala,1402,ACUGAGC,1476
Dre-Mir-221-P1a1_3p,AGCUACAUCUGGCUACUGGGUCUC,GCUACAU,Clupeocephala,1085,AUGUAGC,1384
Dre-Mir-221-P1b_3p,AGCUACAUCUGAAUACUGGGUCA,GCUACAU,Gnathostomata,1085,AUGUAGC,1384
Dre-Mir-221-P2a1_3p,AGCUACAUUGUCUGCUGGGUUUC,GCUACAU,Clupeocephala,1085,AUGUAGC,1384
Dre-Mir-221-P2a2_3p,AGCUACAUUGUCUGCUGGGUUUC,GCUACAU,Clupeocephala,1085,AUGUAGC,1384
Dre-Mir-223_3p,UGUCAGUUUGUCAAAUACCCCAA,GUCAGUU,Vertebrata,2035,AACUGAC,1900
Dre-Mir-338-P1_3p,UCCAGCAUCAGUGAUUUUGUUGC,CCAGCAU,Vertebrata,1655,AUGCUGG,1770
Dre-Mir-338-P2a_3p,UCCAGCAUCAGUGAUUUUGUUGC,CCAGCAU,Clupeocephala,1655,AUGCUGG,1770
Dre-Mir-338-P2b_3p,UCCAGCAUCAGUGAUUUUGUUGC,CCAGCAU,Clupeocephala,1655,AUGCUGG,1770
Dre-Mir-375-P1_3p,UUUGUUCGUUCGGCUCGCGUUA,UUGUUCG,Clupeocephala,690,CGAACAA,520
Dre-Mir-375-P2_3p,UUUGUUCGUUCGGCUCGCGUUA,UUGUUCG,Clupeocephala,690,CGAACAA,520
Dre-Mir-425_5p,AAUGACACGUUUUCUCCCGGAUCG,AUGACAC,Gnathostomata,1577,GUGUCAU,2023
Dre-Mir-430-o1a_3p,UAAGUGCUAUUUGUUGGGGUAG,AAGUGCU,D. rerio,2096,AGCACUU,2506
Dre-Mir-430-o1b1_3p,UAAGUGCUAUUUGUUGGGGUAG,AAGUGCU,D. rerio,2096,AGCACUU,2506
Dre-Mir-430-o1b2_3p,UAAGUGCUAUUUGUUGGGGUAG,AAGUGCU,D. rerio,2096,AGCACUU,2506
Dre-Mir-430-o1b3_3p,UAAGUGCUAUUUGUUGGGGUAG,AAGUGCU,D. rerio,2096,AGCACUU,2506
Dre-Mir-430-o1b4_3p,UAAGUGCUAUUUGUUGGGGUAG,AAGUGCU,D. rerio,2096,AGCACUU,2506
Dre-Mir-430-o1b5_3p,UAAGUGCUAUUUGUUGGGGUAG,AAGUGCU,D. rerio,2096,AGCACUU,2506
Dre-Mir-430-o1b6_3p,UAAGUGCUAUUUGUUGGGGUAG,AAGUGCU,D. rerio,2096,AGCACUU,2506
Dre-Mir-430-o1b7_3p,UAAGUGCUAUUUGUUGGGGUAG,AAGUGCU,D. rerio,2096,AGCACUU,2506
Dre-Mir-430-o1b8_3p,UAAGUGCUAUUUGUUGGGGUAG,AAGUGCU,D. rerio,2096,AGCACUU,2506
Dre-Mir-430-o1c_3p,UAAGUGCUAUUUGUUGGGGUAG,AAGUGCU,D. rerio,2096,AGCACUU,2506
Dre-Mir-430-o1d1_3p,UAAGUGCUAUUUGUUGGGGUAG,AAGUGCU,D. rerio,2096,AGCACUU,2506
Dre-Mir-430-o1d2_3p,UAAGUGCUAUUUGUUGGGGUAG,AAGUGCU,D. rerio,2096,AGCACUU,2506
Dre-Mir-430-o1d3_3p,UAAGUGCUAUUUGUUGGGGUAG,AAGUGCU,D. rerio,2096,AGCACUU,2506
Dre-Mir-430-o1d4_3p,UAAGUGCUAUUUGUUGGGGUAG,AAGUGCU,D. rerio,2096,AGCACUU,2506
Dre-Mir-430-o1d5_3p,UAAGUGCUAUUUGUUGGGGUAG,AAGUGCU,D. rerio,2096,AGCACUU,2506
Dre-Mir-430-o1d6_3p,UAAGUGCUAUUUGUUGGGGUAG,AAGUGCU,D. rerio,2096,AGCACUU,2506
Dre-Mir-430-o1d7_3p,UAAGUGCUAUUUGUUGGGGUAG,AAGUGCU,D. rerio,2096,AGCACUU,2506
Dre-Mir-430-o1e1_5p,ACCCUCACAAAAGCACUGACU,CCCUCAC,D. rerio,837,GUGAGGG,809
Dre-Mir-430-o1e2_5p,ACCCUCACAAAAGCACUGACU,CCCUCAC,D. rerio,837,GUGAGGG,809
Dre-Mir-430-o1e3_5p,ACCCUCACAAAAGCACUGACU,CCCUCAC,D. rerio,837,GUGAGGG,809
Dre-Mir-430-o2a1_3p,AAAGUGCUAUCAAGUUGGGGUAG,AAGUGCU,D. rerio,2096,AGCACUU,2506
Dre-Mir-430-o2a2_3p,AAAGUGCUAUCAAGUUGGGGUAG,AAGUGCU,D. rerio,2096,AGCACUU,2506
Dre-Mir-430-o2a3_3p,AAAGUGCUAUCAAGUUGGGGUAG,AAGUGCU,D. rerio,2096,AGCACUU,2506
Dre-Mir-430-o2a4_3p,AAAGUGCUAUCAAGUUGGGGUAG,AAGUGCU,D. rerio,2096,AGCACUU,2506
Dre-Mir-430-o2a5_3p,AAAGUGCUAUCAAGUUGGGGUAG,AAGUGCU,D. rerio,2096,AGCACUU,2506
Dre-Mir-430-o2a6_3p,AAAGUGCUAUCAAGUUGGGGUAG,AAGUGCU,D. rerio,2096,AGCACUU,2506
Dre-Mir-430-o2a7_3p,AAAGUGCUAUCAAGUUGGGGUAG,AAGUGCU,D. rerio,2096,AGCACUU,2506
Dre-Mir-430-o2a8_3p,AAAGUGCUAUCAAGUUGGGGUAG,AAGUGCU,D. rerio,2096,AGCACUU,2506
Dre-Mir-430-o2a9_3p,AAAGUGCUAUCAAGUUGGGGUAG,AAGUGCU,D. rerio,2096,AGCACUU,2506
Dre-Mir-430-o2a10_3p,AAAGUGCUAUCAAGUUGGGGUAG,AAGUGCU,D. rerio,2096,AGCACUU,2506
Dre-Mir-430-o2a11_3p,AAAGUGCUAUCAAGUUGGGGUAG,AAGUGCU,D. rerio,2096,AGCACUU,2506
Dre-Mir-430-o2a12_3p,AAAGUGCUAUCAAGUUGGGGUAG,AAGUGCU,D. rerio,2096,AGCACUU,2506
Dre-Mir-430-o2a13_3p,AAAGUGCUAUCAAGUUGGGGUAG,AAGUGCU,D. rerio,2096,AGCACUU,2506
Dre-Mir-430-o2a14_3p,AAAGUGCUAUCAAGUUGGGGUAG,AAGUGCU,D. rerio,2096,AGCACUU,2506
Dre-Mir-430-o2b_3p,AAAGUGCUAUCAAGUUGGGGUAG,AAGUGCU,D. rerio,2096,AGCACUU,2506
Dre-Mir-430-o2c1_3p,AAAGUGCUAUCAAGUUGGGGUAG,AAGUGCU,D. rerio,2096,AGCACUU,2506
Dre-Mir-430-o2c2_3p,AAAGUGCUAUCAAGUUGGGGUAG,AAGUGCU,D. rerio,2096,AGCACUU,2506
Dre-Mir-430-o2c3_3p,AAAGUGCUAUCAAGUUGGGGUAG,AAGUGCU,D. rerio,2096,AGCACUU,2506
Dre-Mir-430-o2d1_3p,AAAGUGCUAUCAAGUUGGGGUAG,AAGUGCU,D. rerio,2096,AGCACUU,2506
Dre-Mir-430-o2d2_3p,AAAGUGCUAUCAAGUUGGGGUAG,AAGUGCU,D. rerio,2096,AGCACUU,2506
Dre-Mir-430-o3a1_3p,UAAGUGCUUCUCUUUGGGGUAGU,AAGUGCU,D. rerio,2096,AGCACUU,2506
Dre-Mir-430-o3a2_3p,UAAGUGCUUCUCUUUGGGGUAGU,AAGUGCU,D. rerio,2096,AGCACUU,2506
Dre-Mir-430-o3a3_3p,UAAGUGCUUCUCUUUGGGGUAGU,AAGUGCU,D. rerio,2096,AGCACUU,2506
Dre-Mir-430-o3a4_3p,UAAGUGCUUCUCUUUGGGGUAGU,AAGUGCU,D. rerio,2096,AGCACUU,2506
Dre-Mir-430-o3a5_3p,UAAGUGCUUCUCUUUGGGGUAGU,AAGUGCU,D. rerio,2096,AGCACUU,2506
Dre-Mir-430-o3a6_3p,UAAGUGCUUCUCUUUGGGGUAGU,AAGUGCU,D. rerio,2096,AGCACUU,2506
Dre-Mir-430-o3a7_3p,UAAGUGCUUCUCUUUGGGGUAGU,AAGUGCU,D. rerio,2096,AGCACUU,2506
Dre-Mir-430-o3a8_3p,UAAGUGCUUCUCUUUGGGGUAGU,AAGUGCU,D. rerio,2096,AGCACUU,2506
Dre-Mir-430-o3a9_3p,UAAGUGCUUCUCUUUGGGGUAGU,AAGUGCU,D. rerio,2096,AGCACUU,2506
Dre-Mir-430-o3a10_3p,UAAGUGCUUCUCUUUGGGGUAGU,AAGUGCU,D. rerio,2096,AGCACUU,2506
Dre-Mir-430-o3a11_3p,UAAGUGCUUCUCUUUGGGGUAGU,AAGUGCU,D. rerio,2096,AGCACUU,2506
Dre-Mir-430-o3a12_3p,UAAGUGCUUCUCUUUGGGGUAGU,AAGUGCU,D. rerio,2096,AGCACUU,2506
Dre-Mir-430-o3a13_3p,UAAGUGCUUCUCUUUGGGGUAGU,AAGUGCU,D. rerio,2096,AGCACUU,2506
Dre-Mir-430-o3a14_3p,UAAGUGCUUCUCUUUGGGGUAGU,AAGUGCU,D. rerio,2096,AGCACUU,2506
Dre-Mir-430-o3a15_3p,UAAGUGCUUCUCUUUGGGGUAGU,AAGUGCU,D. rerio,2096,AGCACUU,2506
Dre-Mir-430-o3a16_3p,UAAGUGCUUCUCUUUGGGGUAGU,AAGUGCU,D. rerio,2096,AGCACUU,2506
Dre-Mir-430-o3b1_3p,UAAGUGCUUCUCUUUGGGCUAGU,AAGUGCU,D. rerio,2096,AGCACUU,2506
Dre-Mir-430-o3b2_3p,UAAGUGCUUCUCUUUGGGCUAGU,AAGUGCU,D. rerio,2096,AGCACUU,2506
Dre-Mir-451_5p,AAACCGUUACCAUUACUGAGUU,AACCGUU,Vertebrata,726,AACGGUU,723
Dre-Mir-455-P1_5p,UAUGUGCCCUUGGACUACAUCG,AUGUGCC,Clupeocephala,1272,GGCACAU,904
Dre-Mir-455-P2_5p,UAUGUGCCCUUGGACUACAUUG,AUGUGCC,Clupeocephala,1272,GGCACAU,904
Dre-Mir-456_3p,CAGGCUGGUUAGAUGGUUGUCA,AGGCUGG,Vertebrata,1052,CCAGCCU,1105
Dre-Mir-458_3p,AUAGCUCUUUGAAUGGUACUGC,UAGCUCU,Osteichthyes,990,AGAGCUA,857
Dre-Mir-459_5p,UCAGUAACAAGGAUUCAUCCUGUU,CAGUAAC,Vertebrata,1217,GUUACUG,1743
Dre-Mir-460-P1_3p,CACAGCGCAUACAAUGUGGAUG,ACAGCGC,Osteichthyes,674,GCGCUGU,801
Dre-Mir-460-P2_5p,UCCUCAUUGUGCAUGCUGUGUG,CCUCAUU,Osteichthyes,1818,AAUGAGG,1682
Dre-Mir-489-v1_3p,GUGACAUCAUAUGUACGGCUGC,UGACAUC,Osteichthyes,1917,GAUGUCA,2079
Dre-Mir-489-v2_3p,UGACAUCAUAUGUACGGCUGCU,GACAUCA,Osteichthyes,1912,UGAUGUC,2187
Dre-Mir-499-P1_5p,UUAAGACUUGCAGUGAUGUUUA,UAAGACU,Clupeocephala,1546,AGUCUUA,1688
Dre-Mir-499-P2_5p,UUAAGACUUGCAGUGAUGUUUA,UAAGACU,Clupeocephala,1546,AGUCUUA,1688
Dre-Mir-551-P2_3p,GCGACCCAUCCUUGGUUUCUG,CGACCCA,Vertebrata,286,UGGGUCG,260
Dre-Mir-722-P1-v1_3p,UUUUGCAGAAACGUUUCAGAUU,UUUGCAG,Clupeocephala,2934,CUGCAAA,2754
Dre-Mir-722-P1-v2_3p,UUUGCAGAAACGUUUCAGAUU,UUGCAGA,Clupeocephala,2122,UCUGCAA,1996
Dre-Mir-722-P2-v1_3p,UUUUGCAGAAACGUUUCAGAUU,UUUGCAG,Clupeocephala,2934,CUGCAAA,2754
Dre-Mir-722-P2-v2_3p,UUUGCAGAAACGUUUCAGAUU,UUGCAGA,Clupeocephala,2122,UCUGCAA,1996
Dre-Mir-723-P2_3p,AGACAUCAAUUAAAUCUGUGCU,GACAUCA,Clupeocephala,1912,UGAUGUC,2187
Dre-Mir-724-P1-v1_5p,UUAAAGGGAAUUUGCGACUGUU,UAAAGGG,Clupeocephala,2806,CCCUUUA,2429
Dre-Mir-724-P1-v2_5p,UAAAGGGAAUUUGCGACUGUUU,AAAGGGA,Clupeocephala,3025,UCCCUUU,2613
Dre-Mir-724-P2-v1_5p,UUAAAGGGAAUUUGCGACUGUU,UAAAGGG,Clupeocephala,2806,CCCUUUA,2429
Dre-Mir-724-P2-v2_5p,UAAAGGGAAUUUGCGACUGUUA,AAAGGGA,Clupeocephala,3025,UCCCUUU,2613
Dre-Mir-725_3p,UUCAGUCAUUGUUUCUAGUAGU,UCAGUCA,Gnathostomata,2504,UGACUGA,3031
Dre-Mir-726_3p,UUCACUACUAGCAGAACUCGG,UCACUAC,Osteichthyes,869,GUAGUGA,872
Dre-Mir-727-P1-v1_5p,UCAGUCUUCAAUUCCUCCCAGC,CAGUCUU,Clupeocephala,1850,AAGACUG,2142
Dre-Mir-727-P1-v2_3p,GUUGAGGCGAGUUGAAGACUUA,UUGAGGC,Clupeocephala,966,GCCUCAA,1021
Dre-Mir-728-P1_3p,AUACUAAGUACACUACGUUUUC,UACUAAG,Clupeocephala,639,CUUAGUA,660
Dre-Mir-729_3p,CAUGGGUAUGAUACGACCUGGG,AUGGGUA,Neopterygii,804,UACCCAU,795
Dre-Mir-732_3p,CUCAAAGCAGAGAACUCUCGGU,UCAAAGC,D. rerio,1831,GCUUUGA,2066
Dre-Mir-734_3p,UAAAUGCUGCAGAAUCGUACCG,AAAUGCU,Neopterygii,4603,AGCAUUU,4453
Dre-Mir-737_5p,GUUUUUUUAGGUUUUGAUUUUU,UUUUUUU,Osteichthyes,59657,AAAAAAA,44774
Dre-Mir-1306_5p,CCACCUCCCCUGCAAACGUCCA,CACCUCC,Gnathostomata,831,GGAGGUG,756
Dre-Mir-1388_3p,AUCUCAGGUUCGUCAGCCCAUG,UCUCAGG,Gnathostomata,1126,CCUGAGA,919
Dre-Mir-1788_5p,GGCUUGUUUUAAGUUGCCUGCG,GCUUGUU,Vertebrata,2625,AACAAGC,2119
Dre-Mir-1788_3p,CAGGCAGCUAAAGCAAGUCUG,AGGCAGC,Vertebrata,690,GCUGCCU,873
Dre-Mir-2184-P1a_5p,AACAGUAAGAGUUUAUGUGCUGA,ACAGUAA,D. rerio,3309,UUACUGU,4506
Dre-Mir-2184-P1b_5p,AACAGUAAGAGUUUAUGUGCUGA,ACAGUAA,D. rerio,3309,UUACUGU,4506
Dre-Mir-2188_5p,AAGGUCCAACCUCACAUGUCCU,AGGUCCA,Gnathostomata,584,UGGACCU,807
Dre-Mir-2189_3p,UGAUUGUUUGUAUCAGCUGUGU,GAUUGUU,D. rerio,2826,AACAAUC,1834
Dre-Mir-2191_3p,UCACACCUACAAUCCCUGGCA,CACACCU,D. rerio,1888,AGGUGUG,1855
Dre-Mir-7132-P1_5p,GACUUGGUCUAAGCUCCUCAGU,ACUUGGU,Clupeocephala,939,ACCAAGU,969
Dre-Mir-7133_3p,UAGUUUGAUUCACAGCACAAGA,AGUUUGA,Clupeocephala,3458,UCAAACU,3235
Dre-Mir-7147_5p,UGUACCAUGCUGGUAGCCAGUA,GUACCAU,Osteichthyes,725,AUGGUAC,795
Dre-Mir-7148_5p,AAUGGAAAUACUCGCUGAUACU,AUGGAAA,D. rerio,3510,UUUCCAU,3533
Dre-Mir-7149_3p,UUCCAAGUGUUAUGAGUCAAAGU,UCCAAGU,D. rerio,989,ACUUGGA,1110
Dre-Novel-1_3p,UAUUUUCUUGACUUCAGACCAG,AUUUUCU,D. rerio,6328,AGAAAAU,5216
Dre-Novel-2_5p,UUAUGUGUGUGUGAUUGGUCGCU,UAUGUGU,D. rerio,4558,ACACAUA,3099
Dre-Novel-3_3p,GCUGAUCAGUGACUGCGGCUGC,CUGAUCA,D. rerio,1828,UGAUCAG,1915
Dre-Novel-4_5p,ACAGGAAUUUGGCCACUGCACU,CAGGAAU,D. rerio,1608,AUUCCUG,1840
Dre-Novel-4_3p,UGCUGUGGCCAAAUUCCUGUAA,GCUGUGG,D. rerio,1684,CCACAGC,1535
Dre-Novel-5_5p,UCAUGUCAGAUGUGAGAUGAGC,CAUGUCA,D. rerio,2356,UGACAUG,2332
Dre-Novel-6_3p,UACAAGGGUUUGUUUGUGUUUGA,ACAAGGG,D. rerio,741,CCCUUGU,804
Dre-Novel-7_5p,AGGGCGAUCUGAGUGAACAUGC,GGGCGAU,D. rerio,184,AUCGCCC,234
Dre-Novel-7_3p,AUGGUAUCGCACAGAUCACCCCCU,UGGUAUC,D. rerio,608,GAUACCA,596
Dre-Novel-8_5p,AAAAUAAUGGUCACCCGAGGUGU,AAAUAAU,D. rerio,9166,AUUAUUU,10965
