Fish miRNA seed,Reverse complement,abundance (RC),abundance (Seed)
UGAGGUAGUUGGUUGUAUGGUU,CTACCTC,21,590
UGAGGUAGUUGGUUGUAUGGUU,CTACCTC,21,590
UGAGGUAGUAGGUUGUAUGGUU,CTACCTC,21,590
UGAGGUAGUAGGUUGUAUGGUU,CTACCTC,21,590
UGAGGUAGUAGGUUGUAUAGUU,CTACCTC,21,590
UGAGGUAGUAGGUUGUAUAGUU,CTACCTC,21,590
UGAGGUAGUAGGUUGUAUAGUU,CTACCTC,21,590
UGAGGUAGUAGGUUGUAUAGUU,CTACCTC,21,590
UGAGGUAGUAGGUUGUAUAGUU,CTACCTC,21,590
UGAGGUAGUAGUUUGUAUAGUU,CTACCTC,21,590
UGAGGUAGUAGUUUGUAUAGUU,CTACCTC,21,590
UGAGGUAGUAGAUUGAAUAGUU,CTACCTC,21,590
UGAGGUAGUAGAUUGAAUAGUU,CTACCTC,21,590
UGAGGUAGUAGAUUGUAUAGUU,CTACCTC,21,590
UGAGGUAGUAGGUUGUGUGGUU,CTACCTC,21,590
UGAGGUAGUAGGUUGUGUGGUU,CTACCTC,21,590
UGAGGUAGUAAGUUGUGUUGUU,CTACCTC,21,590
UGAGGUAGUAGGUUGUAUAGUU,CTACCTC,21,590
UGAGGUAGUAGGUUGUAUAGUU,CTACCTC,21,590
UGAGGUAGUAGUUUGUGCUGUU,CTACCTC,21,590
UGAGGUAGUUGUUUGUACAGUU,CTACCTC,21,590
UGGAAUGUAAAGAAGUAUGUAU,ACATTCC,4,1537
UGGAAUGUAAGGAAGUGUGUGG,ACATTCC,4,1537
UGGAAUGUAAGGAAGUGUGUGG,ACATTCC,4,1537
UGGAAUGUAAAGAAGUAUGUAU,ACATTCC,4,1537
UGGAAGACUAGUGAUUUUGUUGUU,GTCTTCC,5,830
UGGAAGACUAGUGAUUUUGUUGUU,GTCTTCC,5,830
UGGAAGACUUGUGAUUUUGUUGUU,GTCTTCC,5,830
UGGAAGACUAGUGAUUUUGUUGUU,GTCTTCC,5,830
UGGAAGACUAGUGAUUUUGUUGU,GTCTTCC,5,830
UAAUACUGCCUGGUAAUGAUGAU,CAGTATT,4,3621
UAAUACUGCCUGGUAAUGAUGCA,CAGTATT,4,3621
UAACACUGUCUGGUAACGAUGUU,CAGTGTT,2,4223
UAACACUGUCUGGUAACGAUGCA,CAGTGTT,2,4223
UAAUACUGUCUGGUAAUGCCGU,CAGTATT,4,3621
UAAUACUGCCUGGUAAUGCCAU,CAGTATT,4,3621
UCUUUGGUUAUCUAGCUGUAUGA,ACCAAAG,7,1731
UCUUUGGUUAUCUAGCUGUAUGA,ACCAAAG,7,1731
UCUUUGGUUAUCUAGCUGUAUGA,ACCAAAG,7,1731
UCUUUGGUUAUCUAGCUGUAUGA,ACCAAAG,7,1731
UCUUUGGUUAUCUAGCUGUAUGA,ACCAAAG,7,1731
UCUUUGGUUAUCUAGCUGUAUGA,ACCAAAG,7,1731
UCUUUGGUUAUCUAGCUGUAUGA,ACCAAAG,7,1731
UACCCUGUAGAACCGAAUUUGU,ACAGGGT,5,1085
ACCCUGUAGAACCGAAUUUGUG,TACAGGG,5,854
UACCCUGUAGAACCGAAUGUGU,ACAGGGT,5,1085
ACCCUGUAGAACCGAAUGUGUG,TACAGGG,5,854
UACCCUGUAGAUCCGGAUUUGU,ACAGGGT,5,1085
ACCCUGUAGAUCCGGAUUUGUG,TACAGGG,5,854
UACCCUGUAGAUCCGAAUUUGU,ACAGGGT,5,1085
ACCCUGUAGAUCCGAAUUUGUG,TACAGGG,5,854
UACCCUGUAGAACCGAAUUUGUG,ACAGGGT,5,1085
ACCCUGUAGAACCGAAUUUGUGU,TACAGGG,5,854
AACCCGUAGAUCCGAUCUUGUG,TACGGGT,4,189
AACCCGUAGAUCCGAUCUUGUG,TACGGGT,4,189
AACCCGUAGAUCCGAACUUGUG,TACGGGT,4,189
AACCCGUAGAUCCGAACUUGUG,TACGGGT,4,189
UCCCUGAGACCCUUAACCUGUGA,CTCAGGG,6,824
UCCCUGAGACCCUUAACCUGUG,CTCAGGG,6,824
UCCCUGAGACCCUAACUCGUGA,CTCAGGG,6,824
UCCCUGAGACCCUAACUUGUGA,CTCAGGG,6,824
UCCCUGAGACCCUAACUUGUGA,CTCAGGG,6,824
UCCCUGAGACCCUAACUUGUGA,CTCAGGG,6,824
UAGCAGCACAGAAUGGUUUGUG,TGCTGCT,8,3337
UAGCAGCACAGAAUGGUUUGUG,TGCTGCT,8,3337
AAGCAGCGCGUCAUGGUUUUCA,CGCTGCT,1,772
UAGCAGCACAUCAUGGUUUGUA,TGCTGCT,8,3337
UAGCAGCACGUAAAUAUUGGAG,TGCTGCT,8,3337
UAGCAGCAUGUAAAUAUUGGAGU,TGCTGCT,8,3337
UCCAAUAUUGCUCGUGCUGCUGAA,ATATTGG,1,1687
UAGCAGCACGUAAAUAUUGGUGU,TGCTGCT,8,3337
AAGCAGCACAUAAAUACUGGAG,TGCTGCT,8,3337
UCCAGUAUUGCUGUUCUGCUGU,ATACTGG,1,1098
AAGCAGCACAUCAAUAUUGGCA,TGCTGCT,8,3337
CAAAGUGCUUACAGUGCAGGUAG,GCACTTT,6,3040
CAAAGUGCUUACAGUGCAGGUAG,GCACTTT,6,3040
UAAGGUGCAUCUAGUGCAGAUAG,GCACCTT,3,1027
UAAGGUGCAUUUAGUGCAGAUAG,GCACCTT,3,1027
UAAGGUGCAUCUUGUGUAGUUAG,GCACCTT,3,1027
UAAAGUGCUUAUAGUGCAGGUAG,GCACTTT,6,3040
UAAAGUGCUUAUAGUGCAGGUAG,GCACTTT,6,3040
CAAAGUGCUCACAGUGCAGGUAG,GCACTTT,6,3040
AAAAGUGCUGUUUGUGCAGGUAG,GCACTTT,6,3040
UGUGCAAAUCUAUGCAAAACUGA,TTTGCAC,6,3051
UGUGCAAAUCUAUGCAAAACUGA,TTTGCAC,6,3051
UGUGCAAAUCCAUGCAAAACUGA,TTTGCAC,6,3051
UGUGCAAAUCCAUGCAAAACUGA,TTTGCAC,6,3051
UGUGCAAAUCCAUGCAAAACUCG,TTTGCAC,6,3051
UGUGCAAACCCAUGCAAAACUGA,TTTGCAC,6,3051
UAGCUUAUCAGACUGGUGUUGGC,ATAAGCT,2,1561
UAGCUUAUCAGACUGGUGUUGGC,ATAAGCT,2,1561
AAGCUGCCAGUUGAAGAGCUGU,GGCAGCT,3,827
AAGCUGCCAGCUGAAGAACUGU,GGCAGCT,3,827
AAGCUGCCAGCUGAAGAACUGU,GGCAGCT,3,827
AUCACAUUGCCAGGGAUUUCCA,AATGTGA,5,4336
AUCACAUUGCCAGGGAUUACCAC,AATGTGA,5,4336
AUCACAUUGCCAGGGAUUACCAC,AATGTGA,5,4336
AUCACAUUGCCAGGGAUUUCCA,AATGTGA,5,4336
AUCACAUUGCCAGGGAUUUCCA,AATGTGA,5,4336
UGGCUCAGUUCAGCAGGAACCG,CTGAGCC,5,1060
UGGCUCAGUUCAGCAGGAACAG,CTGAGCC,5,1060
UGGCUCAGUUCAGCAGGAACAG,CTGAGCC,5,1060
UGGCUCAGUUCAGCAGGAACAG,CTGAGCC,5,1060
UGGCUCAGUUCAGCAGGAACAG,CTGAGCC,5,1060
UUCAAGUAAUCCAGGAUAGGCU,TACTTGA,4,2037
UUCAAGUAAUCCAGGAUAGGCU,TACTTGA,4,2037
UUCAAGUAAUCCAGGAUAGGCU,TACTTGA,4,2037
UUCAAGUAAUCCAGGAUAGGUU,TACTTGA,4,2037
UUCACAGUGGCUAAGUUCCGC,ACTGTGA,5,3169
UUCACAGUGGCUAAGUUCUUCA,ACTGTGA,5,3169
UUCACAGUGGCUAAGUUCUGC,ACTGTGA,5,3169
UUCACAGUGGUUAAGUUCUGCC,ACTGTGA,5,3169
UUCACAGUGGCUAAGUUCAGU,ACTGTGA,5,3169
UAGCACCAUUUGAAAUCAGUGU,TGGTGCT,4,1686
GCUGAAUUCAGAUGGUGCCAUAGA,AATTCAG,1,2679
UAGCACCAUUUGAAAUCAGUGUU,TGGTGCT,4,1686
UAGCACCAUUUGAAAUCGGUUA,TGGTGCT,4,1686
UAGCACCAUUUGAAAUCGGUUA,TGGTGCT,4,1686
UGUAAACAUCCCCGACUGGAAGCU,TGTTTAC,7,4809
UGUAAACAUCCUUGACUGGAAGCU,TGTTTAC,7,4809
UGUAAACAUCCUUGACUGGAAGCU,TGTTTAC,7,4809
UGUAAACAUUCCCGACUGGAAGUU,TGTTTAC,7,4809
UGUAAACAUCCUACACUCAGCU,TGTTTAC,7,4809
UGUAAACAUCCUACACUCUCAGCU,TGTTTAC,7,4809
UGUAAACAUCCUACACUCUCAGCU,TGTTTAC,7,4809
UGGCAAGAUGUUGGCAUAGCUGU,TCTTGCC,1,813
CAAUGUUCCUGCAGUGCAACA,GAACATT,1,3040
UGGCAGUGUCUUAGCUGGUUGUU,CACTGCC,3,1219
AGGCAGUGUUGUUAGCUGAUUGU,CACTGCC,3,1219
AGGCAGUGCAGUUAGUUGAUUAC,CACTGCC,3,1219
UAUUGCACUUGUCCCGGCCUGU,GTGCAAT,5,1894
UAUUGCACUUGUCCCGGCCUGU,GTGCAAT,5,1894
UAUUGCACUCGUCCCGGCCUCC,GTGCAAT,5,1894
AAUUGCACGGUAUCCAUCUGUA,GTGCAAT,5,1894
CAUUGCACUUGUCUCGGUCUGA,GTGCAAT,5,1894
UUUGGCACUAGCACAUUUUUGCU,GTGCCAA,1,1294
UUUGGCAAUGGUAGAACUCACACU,TTGCCAA,1,1781
UAUGGCACUGGUAGAAUUCACU,GTGCCAT,1,1408
AUGGCACUGGUAGAAUUCACUG,AGTGCCA,1,1280
UACAGUACUGUGAUAACUGAAG,GTACTGT,2,2585
GUACAGUACUGUGAUAACUGAA,TACTGTA,3,5421
UACAGUACUAUGAUAACUGAAG,GTACTGT,2,2585
GUACAGUACUAUGAUAACUGAA,TACTGTA,3,5421
AGCAGCAUUGUACAGGGCUUUCA,ATGCTGC,4,1962
AGCAGCAUUGUACAGGGCUAUCA,ATGCTGC,4,1962
AGCAGCAUUGUACAGGGCUAUGA,ATGCTGC,4,1962
AGCAGCAUUGUACAGGGCUAUGA,ATGCTGC,4,1962
UGGAGUGUGACAAUGGUGUUUG,ACACTCC,1,1154
UAAGGCACGCGGUGAAUGCCAA,GTGCCTT,6,1657
UUAAGGCACGCGGUGAAUGCCA,TGCCTTA,6,1761
UAAGGCACGCGGUGAAUGCCAA,GTGCCTT,6,1657
UUAAGGCACGCGGUGAAUGCCA,TGCCTTA,6,1761
UAAGGCACGCGGUGAAUGCCAA,GTGCCTT,6,1657
UUAAGGCACGCGGUGAAUGCCA,TGCCTTA,6,1761
UAAGGCACGCGGUGAAUGCCAA,GTGCCTT,6,1657
UUAAGGCACGCGGUGAAUGCCA,TGCCTTA,6,1761
UAAGGCACGCGGUGAAUGCCAA,GTGCCTT,6,1657
UUAAGGCACGCGGUGAAUGCCA,TGCCTTA,6,1761
UAAGGCACGCGGUGAAUGCCAA,GTGCCTT,6,1657
UUAAGGCACGCGGUGAAUGCCA,TGCCTTA,6,1761
UCGUACCGUGAGUAAUAAUGCA,CGGTACG,2,110
CAUUAUUACUUUUGGUACGCG,TAATAAT,2,9239
CUCGUACCGUGAGUAAUAAUGCA,GGTACGA,2,167
UCGUACCGUGAGUAAUAGUGCA,CGGTACG,2,110
CAUUAUUACUUUUGGUACGCG,TAATAAT,2,9239
CUCGUACCGUGAGUAAUAGUGCA,GGTACGA,2,167
UCACAGUGAACCGGUCUCUUU,CACTGTG,3,2763
UCACAGUGAACCGGUCUCUUU,CACTGTG,3,2763
UCACAGUGAACCGGUCUCUUU,CACTGTG,3,2763
CUUUUUGCGGUCUGGGCUUGC,GCAAAAA,4,3917
CUUUUUGCGGUCUGGGCUUGC,GCAAAAA,4,3917
CUUUUUGCGGUCUGGGCUUGC,GCAAAAA,4,3917
CUUUUUGCGGUCUGGGCUUGC,GCAAAAA,4,3917
CAGUGCAAUAUUAAAAGGGCAU,TTGCACT,8,2609
CAGUGCAAUAUUAAAAGGGCAU,TTGCACT,8,2609
CAGUGCAAUGUUAAAAGGGCAU,TTGCACT,8,2609
GCUUUGACGAUGUUGCACUACU,GTCAAAG,1,1503
CAGUGCAAUAGUAUUGUCAUAGCAU,TTGCACT,8,2609
CAGUGCAAUAGUAUUGUCAAAGCGU,TTGCACT,8,2609
UAGUGCAAUAUUGCUUAUAGGGUC,TTGCACT,8,2609
UAGUGCAAUAUUGCUAAUAGGGUUU,TTGCACT,8,2609
CAGUGCAAUAAUGAAAGGGCAU,TTGCACT,8,2609
UAACAGUCUACAGCCAUGGUCG,GACTGTT,4,2350
UAACAGUCUACAGCCAUGGUCG,GACTGTT,4,2350
ACCUUGGCUCUAGACUGCUUACU,GCCAAGG,2,433
UAACAGUCUACAGUCAUGGCUAC,GACTGTT,4,2350
ACCUUGGCUCUAGACUGCUUACU,GCCAAGG,2,433
UAACAGUCUACAGUCAUGGCUAC,GACTGTT,4,2350
UUUGGUCCCCUUCAACCAGCUGU,GGACCAA,4,1061
UUGGUCCCCUUCAACCAGCUGU,GGGACCA,4,566
UUUGGUCCCCUUCAACCAGCUA,GGACCAA,4,1061
UUGGUCCCCUUCAACCAGCUA,GGGACCA,4,566
UUUGGUCCCUUUCAACCAGCUA,GGACCAA,4,1061
UUGGUCCCUUUCAACCAGCUA,GGGACCA,4,566
UUUGGUCCCCUUCAACCAGCUGU,GGACCAA,4,1061
UUGGUCCCCUUCAACCAGCUGU,GGGACCA,4,566
UAUGGCUUUUUAUUCCUAUCUGA,AAGCCAT,4,1667
UAUGGCUUUUUAUUCCUAUGUGA,AAGCCAT,4,1667
UAUGGCUUUCUAUUCCUAUGUGA,AAGCCAT,4,1667
UAUGGCUUUCUAUUCCUAUGUGA,AAGCCAT,4,1667
UUAUUGCUUAAGAAUACGCGUAG,AGCAATA,2,1978
UAUUGCUUAAGAAUACGCGUAGU,AAGCAAT,2,2206
UUAUUGCUUAAGAAUACGCGUAG,AGCAATA,2,1978
UAUUGCUUAAGAAUACGCGUAGU,AAGCAAT,2,2206
AGCUGGUGUUGUGAAUCAGGCCG,CACCAGC,2,1232
AGCUGGUGUUGUGAAUCAGGCCG,CACCAGC,2,1232
UCUACAGUGCAUGUGUCUCCAGU,ACTGTAG,1,2195
ACCACAGGGUAGAACCACGGAC,CCTGTGG,1,1008
UACCACAGGGUAGAACCACGGAC,CTGTGGT,1,2134
CAUAAAGUAGAAAGCACUACU,ACTTTAT,3,4424
CAUAAAGUAGAAAGCACUACUA,ACTTTAT,3,4424
GUAGUGUUUCCUACUUUAUGGA,AACACTA,2,2517
UGUAGUGUUUCCUACUUUAUGGA,ACACTAC,2,1839
UCCAUAAAGUAGAAAGCACUAC,TTTATGG,1,2516
CAUAAAGUAGACAGCACUACU,ACTTTAT,3,4424
GUAGUGUUUCCUACUUUAUGGA,AACACTA,2,2517
UGUAGUGUUUCCUACUUUAUGGA,ACACTAC,2,1839
UGAGAUGAAGCACUGUAGCUC,TCATCTC,1,1861
UACAGUAUAGAUGAUGUACUA,ATACTGT,1,3818
CUACAGUAUAGAUGAUGUACUA,TACTGTA,3,5421
GUCCAGUUUUCCCAGGAAUCCCU,AACTGGA,1,1984
UGAGAACUGAAUUCCAUAGAUGG,AGTTCTC,2,1114
UGAGAACUGAAUUCCAAGGGUGU,AGTTCTC,2,1114
UUGAGAACUGAAUUCCAAGGGUG,GTTCTCA,1,1435
UCAGUGCAUUACAGAACUUUG,TGCACTG,2,2861
UCAGUGCAUGACAGAACUUUG,TGCACTG,2,2861
UCUCCCAAUCCUUGUACCAGUG,TTGGGAG,1,886
UUGCAUAGUCACAAAAGUGAUC,CTATGCA,2,1325
UUGCAUAGUCACAAAAAUGAUC,CTATGCA,2,1325
GUCAUUUUUGUGGUUUGCAGCU,AAAATGA,1,8232
UUAAUGCUAAUCGUGAUAGGGGUU,AGCATTA,1,2275
AACAUUCAACGCUGUCGGUGAGU,TGAATGT,10,5610
AACAUUCAACGCUGUCGGUGAGU,TGAATGT,10,5610
AACAUUCAACGCUGUCGGUGAGU,TGAATGT,10,5610
AACAUUCAACGCUGUCGGUGAGU,TGAATGT,10,5610
AACAUUCAACGCUGUCGGUGAGU,TGAATGT,10,5610
AACAUUCAUUGCUGUCGGUGGGUU,TGAATGT,10,5610
UACAUUCAUUGAUGUCGUUGGGU,TGAATGT,10,5610
AACAUUCAUUGCUGUCGGUGGGUU,TGAATGT,10,5610
AACAUUCAUUGCUGUCGGUGGGUU,TGAATGT,10,5610
CACAUUCAUUGCUGUCGGUGGGUU,TGAATGT,10,5610
UGGACGGAGAACUGAUAAGGGC,TCCGTCC,2,435
UGGACGGAGAACUGAUAAGGGC,TCCGTCC,2,435
UCGUGUCUUGUGUUGCAGCCAG,AGACACG,1,568
UGAUAUGUUUGAUAUAUUAGGUUG,ACATATC,2,1318
UGAUAUGUUUGAUAUUCGGUUG,ACATATC,2,1318
UAACGGAACCCAUAAUGCAGCUG,TTCCGTT,1,702
AUGACCUAUGAAUUGACAGCCA,TAGGTCA,1,820
AACUGGCCCGCAAAGUCCCGCU,GGCCAGT,3,851
AACUGGCCUACAAAGUCCCAGU,GGCCAGT,3,851
AACUGGCCUACAAAGUCCCAGU,GGCCAGT,3,851
UAAUGCCCCUAAAAAUCCUUA,GGGCATT,3,772
UAAUGCCCCUAAAAAUCCUUAU,GGGCATT,3,772
UAAUGCCCCUAAAAAUCCUUAU,GGGCATT,3,772
UGUAACAGCCGCUCCAUGUGGAA,CTGTTAC,2,1677
UGUAACAGCAACUCCAUGUGGAA,CTGTTAC,2,1677
UAGGUAGUUUCAUGUUGUUGGGA,ACTACCT,5,810
UAGGUAGUUUUAUGUUGUUGGG,ACTACCT,5,810
UAGGUAGUUUCAAGUUGUUGGGC,ACTACCT,5,810
UAGGUAGUUUCAUGUUGUUGGGA,ACTACCT,5,810
UAGGUAGUUUGAUGUUGUUGGG,ACTACCT,5,810
ACAGUAGUCUGCACAUUGGUUA,ACTACTG,4,1581
UACAGUAGUCUGCACAUUGGUUA,CTACTGT,4,1867
CAGUAGUCUGCACAUUGGUUA,GACTACT,4,725
ACAGUAGUCUGCACAUUGGUUA,ACTACTG,4,1581
UACAGUAGUCUGCACAUUGGUUA,CTACTGT,4,1867
CAGUAGUCUGCACAUUGGUUA,GACTACT,4,725
ACAGUAGUCUGCACAUUGGUUA,ACTACTG,4,1581
UACAGUAGUCUGCACAUUGGUUA,CTACTGT,4,1867
CAGUAGUCUGCACAUUGGUUA,GACTACT,4,725
ACAGUAGUCCGCACAUUGGUUA,ACTACTG,4,1581
AACAGUAGUCCGCACAUUGGUUA,CTACTGT,4,1867
CAGUAGUCCGCACAUUGGUUA,GACTACT,4,725
UUCCUAUGCAUAUACCUCUUU,CATAGGA,1,567
GUGAAAUGUUCAGGACCACUUG,CATTTCA,2,5061
UGAAAUGUUCAGGACCACUUG,ACATTTC,2,4485
GUGAAAUGUUUAGGACCACUUG,CATTTCA,2,5061
UGAAAUGUUUAGGACCACUUG,ACATTTC,2,4485
UUCCCUUUGUCAUCCUAUGCCU,AAAGGGA,3,3025
UUCCCUUUGUCAUCCUAUGCCU,AAAGGGA,3,3025
UUCCCUUUGUCAUCCUAUGCCU,AAAGGGA,3,3025
UCCUUCAUUCCACCGGAGUCUG,ATGAAGG,1,1968
GUAAGACGAACAAAAAGUUUUU,CGTCTTA,1,461
CUGUGCGUGUGACAGCGGCUAA,ACGCACA,1,1308
ACAGCAGGCACAGACAGGCAGA,CCTGCTG,1,2010
UACAGCAGGCACAGACAGGCAGA,CTGCTGT,1,3926
UAAUCUCUGCAGGCAACUGUGA,AGAGATT,1,2375
UAAUCUCAGCUGGCAACUGUGAG,TGAGATT,1,2574
UACUGCAUCAGGAACUGAUUGGA,ATGCAGT,1,2849
AUACUGCAUCAGGAACUGAUUGG,TGCAGTA,1,2245
UUGUGCUUGAUCUAACCAUGUG,AAGCACA,3,2763
UUGUGCUUGAUCUAACCAUGC,AAGCACA,3,2763
UUGUGCUUGAUCUAACCAUGUG,AAGCACA,3,2763
UCACAUGGUUCCGUCAAGCACC,CCATGTG,1,1363
UGAUUGUCCAAACGCAAUUCUUG,GACAATC,3,1029
AGAAUUGUGCCUGGACAUCUGU,ACAATTC,2,1944
UGAUUGUCCAAACGCAAUUCUUG,GACAATC,3,1029
AGAAUUGUGCCUGGACAUCUGU,ACAATTC,2,1944
UGAUUGUCCAAACGCAAUUCUUG,GACAATC,3,1029
GGAGUUGUGGAUGGACAUCACGC,ACAACTC,1,1042
UGCUCAGUAGUCAGUGUAGAUCC,ACTGAGC,1,1476
AGCUACAUCUGGCUACUGGGUCUC,ATGTAGC,4,1384
AGCUACAUCUGAAUACUGGGUCA,ATGTAGC,4,1384
AGCUACAUUGUCUGCUGGGUUUC,ATGTAGC,4,1384
AGCUACAUUGUCUGCUGGGUUUC,ATGTAGC,4,1384
UGUCAGUUUGUCAAAUACCCCAA,AACTGAC,1,1900
UCCAGCAUCAGUGAUUUUGUUGC,ATGCTGG,3,1770
UCCAGCAUCAGUGAUUUUGUUGC,ATGCTGG,3,1770
UCCAGCAUCAGUGAUUUUGUUGC,ATGCTGG,3,1770
UUUGUUCGUUCGGCUCGCGUUA,CGAACAA,2,520
UUUGUUCGUUCGGCUCGCGUUA,CGAACAA,2,520
AAUGACACGUUUUCUCCCGGAUCG,GTGTCAT,1,2023
UAAGUGCUAUUUGUUGGGGUAG,AGCACTT,55,2506
UAAGUGCUAUUUGUUGGGGUAG,AGCACTT,55,2506
UAAGUGCUAUUUGUUGGGGUAG,AGCACTT,55,2506
UAAGUGCUAUUUGUUGGGGUAG,AGCACTT,55,2506
UAAGUGCUAUUUGUUGGGGUAG,AGCACTT,55,2506
UAAGUGCUAUUUGUUGGGGUAG,AGCACTT,55,2506
UAAGUGCUAUUUGUUGGGGUAG,AGCACTT,55,2506
UAAGUGCUAUUUGUUGGGGUAG,AGCACTT,55,2506
UAAGUGCUAUUUGUUGGGGUAG,AGCACTT,55,2506
UAAGUGCUAUUUGUUGGGGUAG,AGCACTT,55,2506
UAAGUGCUAUUUGUUGGGGUAG,AGCACTT,55,2506
UAAGUGCUAUUUGUUGGGGUAG,AGCACTT,55,2506
UAAGUGCUAUUUGUUGGGGUAG,AGCACTT,55,2506
UAAGUGCUAUUUGUUGGGGUAG,AGCACTT,55,2506
UAAGUGCUAUUUGUUGGGGUAG,AGCACTT,55,2506
UAAGUGCUAUUUGUUGGGGUAG,AGCACTT,55,2506
UAAGUGCUAUUUGUUGGGGUAG,AGCACTT,55,2506
ACCCUCACAAAAGCACUGACU,GTGAGGG,3,809
ACCCUCACAAAAGCACUGACU,GTGAGGG,3,809
ACCCUCACAAAAGCACUGACU,GTGAGGG,3,809
AAAGUGCUAUCAAGUUGGGGUAG,AGCACTT,55,2506
AAAGUGCUAUCAAGUUGGGGUAG,AGCACTT,55,2506
AAAGUGCUAUCAAGUUGGGGUAG,AGCACTT,55,2506
AAAGUGCUAUCAAGUUGGGGUAG,AGCACTT,55,2506
AAAGUGCUAUCAAGUUGGGGUAG,AGCACTT,55,2506
AAAGUGCUAUCAAGUUGGGGUAG,AGCACTT,55,2506
AAAGUGCUAUCAAGUUGGGGUAG,AGCACTT,55,2506
AAAGUGCUAUCAAGUUGGGGUAG,AGCACTT,55,2506
AAAGUGCUAUCAAGUUGGGGUAG,AGCACTT,55,2506
AAAGUGCUAUCAAGUUGGGGUAG,AGCACTT,55,2506
AAAGUGCUAUCAAGUUGGGGUAG,AGCACTT,55,2506
AAAGUGCUAUCAAGUUGGGGUAG,AGCACTT,55,2506
AAAGUGCUAUCAAGUUGGGGUAG,AGCACTT,55,2506
AAAGUGCUAUCAAGUUGGGGUAG,AGCACTT,55,2506
AAAGUGCUAUCAAGUUGGGGUAG,AGCACTT,55,2506
AAAGUGCUAUCAAGUUGGGGUAG,AGCACTT,55,2506
AAAGUGCUAUCAAGUUGGGGUAG,AGCACTT,55,2506
AAAGUGCUAUCAAGUUGGGGUAG,AGCACTT,55,2506
AAAGUGCUAUCAAGUUGGGGUAG,AGCACTT,55,2506
AAAGUGCUAUCAAGUUGGGGUAG,AGCACTT,55,2506
UAAGUGCUUCUCUUUGGGGUAGU,AGCACTT,55,2506
UAAGUGCUUCUCUUUGGGGUAGU,AGCACTT,55,2506
UAAGUGCUUCUCUUUGGGGUAGU,AGCACTT,55,2506
UAAGUGCUUCUCUUUGGGGUAGU,AGCACTT,55,2506
UAAGUGCUUCUCUUUGGGGUAGU,AGCACTT,55,2506
UAAGUGCUUCUCUUUGGGGUAGU,AGCACTT,55,2506
UAAGUGCUUCUCUUUGGGGUAGU,AGCACTT,55,2506
UAAGUGCUUCUCUUUGGGGUAGU,AGCACTT,55,2506
UAAGUGCUUCUCUUUGGGGUAGU,AGCACTT,55,2506
UAAGUGCUUCUCUUUGGGGUAGU,AGCACTT,55,2506
UAAGUGCUUCUCUUUGGGGUAGU,AGCACTT,55,2506
UAAGUGCUUCUCUUUGGGGUAGU,AGCACTT,55,2506
UAAGUGCUUCUCUUUGGGGUAGU,AGCACTT,55,2506
UAAGUGCUUCUCUUUGGGGUAGU,AGCACTT,55,2506
UAAGUGCUUCUCUUUGGGGUAGU,AGCACTT,55,2506
UAAGUGCUUCUCUUUGGGGUAGU,AGCACTT,55,2506
UAAGUGCUUCUCUUUGGGCUAGU,AGCACTT,55,2506
UAAGUGCUUCUCUUUGGGCUAGU,AGCACTT,55,2506
AAACCGUUACCAUUACUGAGUU,AACGGTT,1,723
UAUGUGCCCUUGGACUACAUCG,GGCACAT,2,904
UAUGUGCCCUUGGACUACAUUG,GGCACAT,2,904
CAGGCUGGUUAGAUGGUUGUCA,CCAGCCT,1,1105
AUAGCUCUUUGAAUGGUACUGC,AGAGCTA,1,857
UCAGUAACAAGGAUUCAUCCUGUU,GTTACTG,1,1743
CACAGCGCAUACAAUGUGGAUG,GCGCTGT,1,801
UCCUCAUUGUGCAUGCUGUGUG,AATGAGG,1,1682
GUGACAUCAUAUGUACGGCUGC,GATGTCA,1,2079
UGACAUCAUAUGUACGGCUGCU,TGATGTC,2,2187
UUAAGACUUGCAGUGAUGUUUA,AGTCTTA,2,1688
UUAAGACUUGCAGUGAUGUUUA,AGTCTTA,2,1688
GCGACCCAUCCUUGGUUUCUG,TGGGTCG,1,260
UUUUGCAGAAACGUUUCAGAUU,CTGCAAA,2,2754
UUUGCAGAAACGUUUCAGAUU,TCTGCAA,2,1996
UUUUGCAGAAACGUUUCAGAUU,CTGCAAA,2,2754
UUUGCAGAAACGUUUCAGAUU,TCTGCAA,2,1996
AGACAUCAAUUAAAUCUGUGCU,TGATGTC,2,2187
UUAAAGGGAAUUUGCGACUGUU,CCCTTTA,2,2429
UAAAGGGAAUUUGCGACUGUUU,TCCCTTT,2,2613
UUAAAGGGAAUUUGCGACUGUU,CCCTTTA,2,2429
UAAAGGGAAUUUGCGACUGUUA,TCCCTTT,2,2613
UUCAGUCAUUGUUUCUAGUAGU,TGACTGA,1,3031
UUCACUACUAGCAGAACUCGG,GTAGTGA,1,872
UCAGUCUUCAAUUCCUCCCAGC,AAGACTG,1,2142
GUUGAGGCGAGUUGAAGACUUA,GCCTCAA,1,1021
AUACUAAGUACACUACGUUUUC,CTTAGTA,1,660
CAUGGGUAUGAUACGACCUGGG,TACCCAT,1,795
CUCAAAGCAGAGAACUCUCGGU,GCTTTGA,1,2066
UAAAUGCUGCAGAAUCGUACCG,AGCATTT,1,4453
GUUUUUUUAGGUUUUGAUUUUU,AAAAAAA,1,44774
CCACCUCCCCUGCAAACGUCCA,GGAGGTG,1,756
AUCUCAGGUUCGUCAGCCCAUG,CCTGAGA,1,919
GGCUUGUUUUAAGUUGCCUGCG,AACAAGC,1,2119
CAGGCAGCUAAAGCAAGUCUG,GCTGCCT,1,873
AACAGUAAGAGUUUAUGUGCUGA,TTACTGT,2,4506
AACAGUAAGAGUUUAUGUGCUGA,TTACTGT,2,4506
AAGGUCCAACCUCACAUGUCCU,TGGACCT,1,807
UGAUUGUUUGUAUCAGCUGUGU,AACAATC,1,1834
UCACACCUACAAUCCCUGGCA,AGGTGTG,1,1855
GACUUGGUCUAAGCUCCUCAGU,ACCAAGT,1,969
UAGUUUGAUUCACAGCACAAGA,TCAAACT,1,3235
UGUACCAUGCUGGUAGCCAGUA,ATGGTAC,1,795
AAUGGAAAUACUCGCUGAUACU,TTTCCAT,1,3533
UUCCAAGUGUUAUGAGUCAAAGU,ACTTGGA,1,1110
UAUUUUCUUGACUUCAGACCAG,AGAAAAT,1,5216
UUAUGUGUGUGUGAUUGGUCGCU,ACACATA,1,3099
GCUGAUCAGUGACUGCGGCUGC,TGATCAG,1,1915
ACAGGAAUUUGGCCACUGCACU,ATTCCTG,1,1840
UGCUGUGGCCAAAUUCCUGUAA,CCACAGC,1,1535
UCAUGUCAGAUGUGAGAUGAGC,TGACATG,1,2332
UACAAGGGUUUGUUUGUGUUUGA,CCCTTGT,1,804
AGGGCGAUCUGAGUGAACAUGC,ATCGCCC,1,234
AUGGUAUCGCACAGAUCACCCCCU,GATACCA,1,596
AAAAUAAUGGUCACCCGAGGUGU,ATTATTT,1,10965
